DPW_Node_ID,PUC_Maximo_Asset_ID,System_Use_Code,System_Use,Drain_Type,POINT_X,POINT_Y,Location
25929015,25929015,Default,Undefined,Storm Water Inlet Drain,,,"(-6.8241038, 39.2660009)"
334995432,334995432,Default,Undefined,Storm Water Inlet Drain,,,"(-6.8027734, 39.250341)"
334995433,334995433,Default,Undefined,Storm Water Inlet Drain,,,"(-6.8071334, 39.2314507)"
334995434,334995434,Default,Undefined,Storm Water Inlet Drain,,,"(-6.8044157, 39.2500091)"
334995435,334995435,Default,Undefined,Storm Water Inlet Drain,,,"(-6.8027257, 39.2489161)"
335015075,335015075,Default,Undefined,Storm Water Inlet Drain,,,"(-6.802902, 39.250341)"
335069858,335069858,Default,Undefined,Storm Water Inlet Drain,,,"(-6.8025203, 39.2460587)"
335069860,335069860,Default,Undefined,Storm Water Inlet Drain,,,"(-6.8024769, 39.2460752)"
335069861,335069861,Default,Undefined,Storm Water Inlet Drain,,,"(-6.802285, 39.2461507)"
335069862,335069862,Default,Undefined,Storm Water Inlet Drain,,,"(-6.802762, 39.2459979)"
335085270,335085270,Default,Undefined,Storm Water Inlet Drain,,,"(-6.8022908, 39.2471891)"
335188533,335188533,Default,Undefined,Storm Water Inlet Drain,,,"(-6.8026196, 39.2481122)"
335188534,335188534,Default,Undefined,Storm Water Inlet Drain,,,"(-6.8026882, 39.2488137)"
335189569,335189569,Default,Undefined,Storm Water Inlet Drain,,,"(-6.8026564, 39.2494358)"
335893986,335893986,Default,Undefined,Storm Water Inlet Drain,,,"(-6.8027078, 39.245359)"
337757355,337757355,Default,Undefined,Storm Water Inlet Drain,,,"(-6.8026564, 39.2493468)"
337757356,337757356,Default,Undefined,Storm Water Inlet Drain,,,"(-6.8022928, 39.2476438)"
337772020,337772020,Default,Undefined,Storm Water Inlet Drain,,,"(-6.8033796, 39.2493884)"
337772021,337772021,Default,Undefined,Storm Water Inlet Drain,,,"(-6.8027382, 39.2493429)"
337775294,337775294,Default,Undefined,Storm Water Inlet Drain,,,"(-6.8027835, 39.2458945)"
337775295,337775295,Default,Undefined,Storm Water Inlet Drain,,,"(-6.8028255, 39.2457212)"
338452991,338452991,Default,Undefined,Storm Water Inlet Drain,,,"(-6.8028271, 39.2533159)"
338453196,338453196,Default,Undefined,Storm Water Inlet Drain,,,"(-6.8028371, 39.2538516)"
338453197,338453197,Default,Undefined,Storm Water Inlet Drain,,,"(-6.8028276, 39.2538437)"
338469556,338469556,Default,Undefined,Storm Water Inlet Drain,,,"(-6.8023237, 39.2483846)"
338469558,338469558,Default,Undefined,Storm Water Inlet Drain,,,"(-6.8026252, 39.2484785)"
338472288,338472288,Default,Undefined,Storm Water Inlet Drain,,,"(-6.8028799, 39.2457924)"
338472293,338472293,Default,Undefined,Storm Water Inlet Drain,,,"(-6.8027835, 39.2458945)"
354061523,354061523,Default,Undefined,Storm Water Inlet Drain,,,"(-6.8218924, 39.2665386)"
354062954,354062954,Default,Undefined,Storm Water Inlet Drain,,,"(-6.8197399, 39.2579248)"
354062957,354062957,Default,Undefined,Storm Water Inlet Drain,,,"(-6.8200768, 39.258083)"
354271951,354271951,Default,Undefined,Storm Water Inlet Drain,,,"(-6.8222908, 39.265589)"
354271952,354271952,Default,Undefined,Storm Water Inlet Drain,,,"(-6.8220943, 39.2656129)"
354281845,354281845,Default,Undefined,Storm Water Inlet Drain,,,"(-6.8199826, 39.2647293)"
354281846,354281846,Default,Undefined,Storm Water Inlet Drain,,,"(-6.8197517, 39.2645743)"
354281847,354281847,Default,Undefined,Storm Water Inlet Drain,,,"(-6.819707, 39.2646031)"
354281848,354281848,Default,Undefined,Storm Water Inlet Drain,,,"(-6.8201859, 39.2654557)"
354285341,354285341,Default,Undefined,Storm Water Inlet Drain,,,"(-6.820015, 39.2649345)"
354297239,354297239,Default,Undefined,Storm Water Inlet Drain,,,"(-6.8195375, 39.2612634)"
354297240,354297240,Default,Undefined,Storm Water Inlet Drain,,,"(-6.8195299, 39.261279)"
354297543,354297543,Default,Undefined,Storm Water Inlet Drain,,,"(-6.8221076, 39.2718751)"
354297544,354297544,Default,Undefined,Storm Water Inlet Drain,,,"(-6.8227434, 39.2702542)"
354297545,354297545,Default,Undefined,Storm Water Inlet Drain,,,"(-6.8228763, 39.2710798)"
354301365,354301365,Default,Undefined,Storm Water Inlet Drain,,,"(-6.8196173, 39.2588142)"
354504343,354504343,Default,Undefined,Storm Water Inlet Drain,,,"(-6.8192058, 39.2619663)"
354504344,354504344,Default,Undefined,Storm Water Inlet Drain,,,"(-6.8191958, 39.2619845)"
354505443,354505443,Default,Undefined,Storm Water Inlet Drain,,,"(-6.8228568, 39.2664418)"
354506474,354506474,Default,Undefined,Storm Water Inlet Drain,,,"(-6.8190597, 39.2623497)"
354506475,354506475,Default,Undefined,Storm Water Inlet Drain,,,"(-6.818836, 39.2628456)"
354506476,354506476,Default,Undefined,Storm Water Inlet Drain,,,"(-6.8190566, 39.26236)"
354510133,354510133,Default,Undefined,Storm Water Inlet Drain,,,"(-6.8203501, 39.2600948)"
354510532,354510532,Default,Undefined,Storm Water Inlet Drain,,,"(-6.8197695, 39.2625046)"
354516433,354516433,Default,Undefined,Storm Water Inlet Drain,,,"(-6.8203286, 39.2609777)"
354516437,354516437,Default,Undefined,Storm Water Inlet Drain,,,"(-6.8203465, 39.2609842)"
354523270,354523270,Default,Undefined,Storm Water Inlet Drain,,,"(-6.8243878, 39.26677)"
354523274,354523274,Default,Undefined,Storm Water Inlet Drain,,,"(-6.8243885, 39.2668188)"
354523275,354523275,Default,Undefined,Storm Water Inlet Drain,,,"(-6.824387, 39.2667555)"
354523648,354523648,Default,Undefined,Storm Water Inlet Drain,,,"(-6.8200476, 39.2618266)"
354523649,354523649,Default,Undefined,Storm Water Inlet Drain,,,"(-6.8202209, 39.2615299)"
354523650,354523650,Default,Undefined,Storm Water Inlet Drain,,,"(-6.820044, 39.261832)"
354523651,354523651,Default,Undefined,Storm Water Inlet Drain,,,"(-6.8202935, 39.2614046)"
354523653,354523653,Default,Undefined,Storm Water Inlet Drain,,,"(-6.8202076, 39.2615581)"
354525763,354525763,Default,Undefined,Storm Water Inlet Drain,,,"(-6.8206826, 39.2614359)"
354809498,354809498,Default,Undefined,Storm Water Inlet Drain,,,"(-6.8199578, 39.259945)"
354809500,354809500,Default,Undefined,Storm Water Inlet Drain,,,"(-6.8199561, 39.259957)"
354827880,354827880,Default,Undefined,Storm Water Inlet Drain,,,"(-6.8201536, 39.2596208)"
354828318,354828318,Default,Undefined,Storm Water Inlet Drain,,,"(-6.8201316, 39.2601532)"
355426834,355426834,Default,Undefined,Storm Water Inlet Drain,,,"(-6.821594, 39.2693413)"
355435181,355435181,Default,Undefined,Storm Water Inlet Drain,,,"(-6.8207516, 39.2696563)"
355435183,355435183,Default,Undefined,Storm Water Inlet Drain,,,"(-6.8212973, 39.2693911)"
355438305,355438305,Default,Undefined,Storm Water Inlet Drain,,,"(-6.8208356, 39.2699677)"
355444999,355444999,Default,Undefined,Storm Water Inlet Drain,,,"(-6.8238305, 39.2713525)"
355445000,355445000,Default,Undefined,Storm Water Inlet Drain,,,"(-6.8218232, 39.2699801)"
355445001,355445001,Default,Undefined,Storm Water Inlet Drain,,,"(-6.8241329, 39.270139)"
355445002,355445002,Default,Undefined,Storm Water Inlet Drain,,,"(-6.8236422, 39.2705776)"
355445003,355445003,Default,Undefined,Storm Water Inlet Drain,,,"(-6.8235006, 39.2723498)"
355445004,355445004,Default,Undefined,Storm Water Inlet Drain,,,"(-6.8232082, 39.2703784)"
355445006,355445006,Default,Undefined,Storm Water Inlet Drain,,,"(-6.8215286, 39.2708211)"
355445007,355445007,Default,Undefined,Storm Water Inlet Drain,,,"(-6.8215286, 39.2698284)"
355445008,355445008,Default,Undefined,Storm Water Inlet Drain,,,"(-6.8219845, 39.2708551)"
355467866,355467866,Default,Undefined,Storm Water Inlet Drain,,,"(-6.8191384, 39.2640664)"
355467867,355467867,Default,Undefined,Storm Water Inlet Drain,,,"(-6.8184442, 39.2645342)"
355467869,355467869,Default,Undefined,Storm Water Inlet Drain,,,"(-6.8165477, 39.268636)"
355467872,355467872,Default,Undefined,Storm Water Inlet Drain,,,"(-6.8164772, 39.2686724)"
355467874,355467874,Default,Undefined,Storm Water Inlet Drain,,,"(-6.8173421, 39.2646004)"
355671530,355671530,Default,Undefined,Storm Water Inlet Drain,,,"(-6.8195274, 39.2612039)"
355705770,355705770,Default,Undefined,Storm Water Inlet Drain,,,"(-6.8201815, 39.2626627)"
355715458,355715458,Default,Undefined,Storm Water Inlet Drain,,,"(-6.8233521, 39.2695963)"
355997758,355997758,Default,Undefined,Storm Water Inlet Drain,,,"(-6.8121005, 39.2704356)"
360533760,360533760,Default,Undefined,Storm Water Inlet Drain,,,"(-6.8060099, 39.2435501)"
360537899,360537899,Default,Undefined,Storm Water Inlet Drain,,,"(-6.8057048, 39.2445684)"
360537901,360537901,Default,Undefined,Storm Water Inlet Drain,,,"(-6.8058287, 39.2442839)"
360537903,360537903,Default,Undefined,Storm Water Inlet Drain,,,"(-6.8056641, 39.2446206)"
360537905,360537905,Default,Undefined,Storm Water Inlet Drain,,,"(-6.8057772, 39.2444308)"
360537906,360537906,Default,Undefined,Storm Water Inlet Drain,,,"(-6.8058014, 39.2443778)"
360552240,360552240,Default,Undefined,Storm Water Inlet Drain,,,"(-6.805944, 39.2494594)"
360552241,360552241,Default,Undefined,Storm Water Inlet Drain,,,"(-6.8061714, 39.2501451)"
360552242,360552242,Default,Undefined,Storm Water Inlet Drain,,,"(-6.8063085, 39.2501901)"
360552243,360552243,Default,Undefined,Storm Water Inlet Drain,,,"(-6.8061834, 39.2490235)"
360552244,360552244,Default,Undefined,Storm Water Inlet Drain,,,"(-6.8061478, 39.249506)"
360616788,360616788,Default,Undefined,Storm Water Inlet Drain,,,"(-6.8057992, 39.2440837)"
360675288,360675288,Default,Undefined,Storm Water Inlet Drain,,,"(-6.8072867, 39.2499063)"
360675289,360675289,Default,Undefined,Storm Water Inlet Drain,,,"(-6.8051852, 39.2509764)"
360675290,360675290,Default,Undefined,Storm Water Inlet Drain,,,"(-6.8064311, 39.2503775)"
360708088,360708088,Default,Undefined,Storm Water Inlet Drain,,,"(-6.8085842, 39.2484029)"
360708676,360708676,Default,Undefined,Storm Water Inlet Drain,,,"(-6.8083523, 39.2494493)"
360708677,360708677,Default,Undefined,Storm Water Inlet Drain,,,"(-6.8085681, 39.2488158)"
360708678,360708678,Default,Undefined,Storm Water Inlet Drain,,,"(-6.8084632, 39.2492756)"
360708679,360708679,Default,Undefined,Storm Water Inlet Drain,,,"(-6.8080982, 39.2496413)"
360708680,360708680,Default,Undefined,Storm Water Inlet Drain,,,"(-6.8082891, 39.2495046)"
360708681,360708681,Default,Undefined,Storm Water Inlet Drain,,,"(-6.8078764, 39.2497203)"
360708682,360708682,Default,Undefined,Storm Water Inlet Drain,,,"(-6.8084938, 39.2491994)"
360708683,360708683,Default,Undefined,Storm Water Inlet Drain,,,"(-6.8079313, 39.2497053)"
360708684,360708684,Default,Undefined,Storm Water Inlet Drain,,,"(-6.8085086, 39.2491536)"
360708685,360708685,Default,Undefined,Storm Water Inlet Drain,,,"(-6.8079435, 39.2497005)"
360708686,360708686,Default,Undefined,Storm Water Inlet Drain,,,"(-6.8079943, 39.2496816)"
360708687,360708687,Default,Undefined,Storm Water Inlet Drain,,,"(-6.8084344, 39.2493303)"
360708688,360708688,Default,Undefined,Storm Water Inlet Drain,,,"(-6.8083248, 39.2494747)"
360708689,360708689,Default,Undefined,Storm Water Inlet Drain,,,"(-6.8079672, 39.2496914)"
360708690,360708690,Default,Undefined,Storm Water Inlet Drain,,,"(-6.8085639, 39.2488932)"
360708691,360708691,Default,Undefined,Storm Water Inlet Drain,,,"(-6.8080663, 39.2496548)"
360708692,360708692,Default,Undefined,Storm Water Inlet Drain,,,"(-6.8078461, 39.2497285)"
360708693,360708693,Default,Undefined,Storm Water Inlet Drain,,,"(-6.8082628, 39.2495237)"
360749877,360749877,Default,Undefined,Storm Water Inlet Drain,,,"(-6.805743, 39.244231)"
360830505,360830505,Default,Undefined,Storm Water Inlet Drain,,,"(-6.8074509, 39.2498662)"
360976557,360976557,Default,Undefined,Storm Water Inlet Drain,,,"(-6.8064905, 39.2503264)"
360976558,360976558,Default,Undefined,Storm Water Inlet Drain,,,"(-6.8064798, 39.2503816)"
360976559,360976559,Default,Undefined,Storm Water Inlet Drain,,,"(-6.8064364, 39.2503707)"
360976561,360976561,Default,Undefined,Storm Water Inlet Drain,,,"(-6.8076038, 39.2498189)"
361409990,361409990,Default,Undefined,Storm Water Inlet Drain,,,"(-6.8306853, 39.2444683)"
361560536,361560536,Default,Undefined,Storm Water Inlet Drain,,,"(-6.8141537, 39.2479142)"
361560537,361560537,Default,Undefined,Storm Water Inlet Drain,,,"(-6.8138771, 39.2482273)"
361560538,361560538,Default,Undefined,Storm Water Inlet Drain,,,"(-6.8140587, 39.2482375)"
361707971,361707971,Default,Undefined,Storm Water Inlet Drain,,,"(-6.8152616, 39.244283)"
361876932,361876932,Default,Undefined,Storm Water Inlet Drain,,,"(-6.8126878, 39.2418721)"
362347317,362347317,Default,Undefined,Storm Water Inlet Drain,,,"(-6.8089477, 39.245086)"
362572308,362572308,Default,Undefined,Storm Water Inlet Drain,,,"(-6.812362, 39.244291)"
362575996,362575996,Default,Undefined,Storm Water Inlet Drain,,,"(-6.8086481, 39.2450348)"
362579208,362579208,Default,Undefined,Storm Water Inlet Drain,,,"(-6.812506, 39.2457892)"
362579209,362579209,Default,Undefined,Storm Water Inlet Drain,,,"(-6.8128945, 39.2459533)"
362579210,362579210,Default,Undefined,Storm Water Inlet Drain,,,"(-6.8130698, 39.2462658)"
362579436,362579436,Default,Undefined,Storm Water Inlet Drain,,,"(-6.8055351, 39.2480805)"
362579437,362579437,Default,Undefined,Storm Water Inlet Drain,,,"(-6.8050436, 39.2482471)"
362585039,362585039,Default,Undefined,Storm Water Inlet Drain,,,"(-6.8059262, 39.2480805)"
362590826,362590826,Default,Undefined,Storm Water Inlet Drain,,,"(-6.8054266, 39.2472618)"
362633406,362633406,Default,Undefined,Storm Water Inlet Drain,,,"(-6.8053153, 39.2468394)"
362699683,362699683,Default,Undefined,Storm Water Inlet Drain,,,"(-6.8133025, 39.2475213)"
362713717,362713717,Default,Undefined,Storm Water Inlet Drain,,,"(-6.8055351, 39.2480138)"
362728642,362728642,Default,Undefined,Storm Water Inlet Drain,,,"(-6.8054793, 39.2474496)"
362731831,362731831,Default,Undefined,Storm Water Inlet Drain,,,"(-6.806312, 39.2485787)"
362731834,362731834,Default,Undefined,Storm Water Inlet Drain,,,"(-6.8062294, 39.2486947)"
362731837,362731837,Default,Undefined,Storm Water Inlet Drain,,,"(-6.806286, 39.248627)"
362731839,362731839,Default,Undefined,Storm Water Inlet Drain,,,"(-6.8061834, 39.2487086)"
362731842,362731842,Default,Undefined,Storm Water Inlet Drain,,,"(-6.806685, 39.2480857)"
362746515,362746515,Default,Undefined,Storm Water Inlet Drain,,,"(-6.8132522, 39.248033)"
362746957,362746957,Default,Undefined,Storm Water Inlet Drain,,,"(-6.812582, 39.2471509)"
362755373,362755373,Default,Undefined,Storm Water Inlet Drain,,,"(-6.8129061, 39.2471824)"
362755375,362755375,Default,Undefined,Storm Water Inlet Drain,,,"(-6.8125562, 39.2471261)"
362899952,362899952,Default,Undefined,Storm Water Inlet Drain,,,"(-6.8042223, 39.2454911)"
362899954,362899954,Default,Undefined,Storm Water Inlet Drain,,,"(-6.8050052, 39.2451567)"
362899956,362899956,Default,Undefined,Storm Water Inlet Drain,,,"(-6.8049039, 39.24521)"
362899958,362899958,Default,Undefined,Storm Water Inlet Drain,,,"(-6.8043893, 39.245428)"
362899960,362899960,Default,Undefined,Storm Water Inlet Drain,,,"(-6.8048601, 39.24523)"
362899962,362899962,Default,Undefined,Storm Water Inlet Drain,,,"(-6.8049581, 39.2451826)"
362899964,362899964,Default,Undefined,Storm Water Inlet Drain,,,"(-6.8048926, 39.2452154)"
362899966,362899966,Default,Undefined,Storm Water Inlet Drain,,,"(-6.8053555, 39.244908)"
362899968,362899968,Default,Undefined,Storm Water Inlet Drain,,,"(-6.8048382, 39.2452393)"
362916191,362916191,Default,Undefined,Storm Water Inlet Drain,,,"(-6.8053973, 39.2448781)"
362916192,362916192,Default,Undefined,Storm Water Inlet Drain,,,"(-6.8055572, 39.2447565)"
362920342,362920342,Default,Undefined,Storm Water Inlet Drain,,,"(-6.8152539, 39.2445058)"
363008732,363008732,Default,Undefined,Storm Water Inlet Drain,,,"(-6.8082418, 39.2514643)"
363054295,363054295,Default,Undefined,Storm Water Inlet Drain,,,"(-6.8057685, 39.2441673)"
363054296,363054296,Default,Undefined,Storm Water Inlet Drain,,,"(-6.8057649, 39.2441763)"
363059644,363059644,Default,Undefined,Storm Water Inlet Drain,,,"(-6.8055391, 39.2476381)"
363059645,363059645,Default,Undefined,Storm Water Inlet Drain,,,"(-6.8091405, 39.2514091)"
363059646,363059646,Default,Undefined,Storm Water Inlet Drain,,,"(-6.8054552, 39.2475594)"
363059647,363059647,Default,Undefined,Storm Water Inlet Drain,,,"(-6.8094471, 39.2505956)"
363069769,363069769,Default,Undefined,Storm Water Inlet Drain,,,"(-6.8038681, 39.2436454)"
363070248,363070248,Default,Undefined,Storm Water Inlet Drain,,,"(-6.8038745, 39.2441019)"
363070712,363070712,Default,Undefined,Storm Water Inlet Drain,,,"(-6.804084, 39.2443601)"
363076260,363076260,Default,Undefined,Storm Water Inlet Drain,,,"(-6.8058476, 39.2439327)"
363076261,363076261,Default,Undefined,Storm Water Inlet Drain,,,"(-6.8058451, 39.2439415)"
363081349,363081349,Default,Undefined,Storm Water Inlet Drain,,,"(-6.8061834, 39.2489729)"
363103122,363103122,Default,Undefined,Storm Water Inlet Drain,,,"(-6.8032596, 39.2450669)"
363105179,363105179,Default,Undefined,Storm Water Inlet Drain,,,"(-6.8032834, 39.2456815)"
363107742,363107742,Default,Undefined,Storm Water Inlet Drain,,,"(-6.8030136, 39.2447907)"
363137843,363137843,Default,Undefined,Storm Water Inlet Drain,,,"(-6.810547, 39.2499394)"
363137846,363137846,Default,Undefined,Storm Water Inlet Drain,,,"(-6.8098489, 39.2502834)"
363137850,363137850,Default,Undefined,Storm Water Inlet Drain,,,"(-6.8094117, 39.2505955)"
363241663,363241663,Default,Undefined,Storm Water Inlet Drain,,,"(-6.8110057, 39.2497618)"
363241664,363241664,Default,Undefined,Storm Water Inlet Drain,,,"(-6.8098548, 39.2502813)"
363242738,363242738,Default,Undefined,Storm Water Inlet Drain,,,"(-6.8085766, 39.2476722)"
363242739,363242739,Default,Undefined,Storm Water Inlet Drain,,,"(-6.8055054, 39.2462143)"
363242740,363242740,Default,Undefined,Storm Water Inlet Drain,,,"(-6.8063377, 39.2464673)"
363242741,363242741,Default,Undefined,Storm Water Inlet Drain,,,"(-6.8078537, 39.2468466)"
363242742,363242742,Default,Undefined,Storm Water Inlet Drain,,,"(-6.8062587, 39.2464565)"
363242743,363242743,Default,Undefined,Storm Water Inlet Drain,,,"(-6.8072087, 39.2467195)"
363242744,363242744,Default,Undefined,Storm Water Inlet Drain,,,"(-6.8066266, 39.2465423)"
363242745,363242745,Default,Undefined,Storm Water Inlet Drain,,,"(-6.8085854, 39.2483012)"
363242746,363242746,Default,Undefined,Storm Water Inlet Drain,,,"(-6.8083859, 39.2472079)"
363242747,363242747,Default,Undefined,Storm Water Inlet Drain,,,"(-6.8072854, 39.2467135)"
363242748,363242748,Default,Undefined,Storm Water Inlet Drain,,,"(-6.8063202, 39.2464638)"
363242749,363242749,Default,Undefined,Storm Water Inlet Drain,,,"(-6.8074906, 39.2467615)"
363242750,363242750,Default,Undefined,Storm Water Inlet Drain,,,"(-6.8085898, 39.2478553)"
363242751,363242751,Default,Undefined,Storm Water Inlet Drain,,,"(-6.8077569, 39.2468197)"
363242752,363242752,Default,Undefined,Storm Water Inlet Drain,,,"(-6.8085871, 39.2477213)"
363242753,363242753,Default,Undefined,Storm Water Inlet Drain,,,"(-6.8054906, 39.2462117)"
363242754,363242754,Default,Undefined,Storm Water Inlet Drain,,,"(-6.8081978, 39.2455425)"
363242755,363242755,Default,Undefined,Storm Water Inlet Drain,,,"(-6.807836, 39.246825)"
363242756,363242756,Default,Undefined,Storm Water Inlet Drain,,,"(-6.8072466, 39.2467095)"
363242757,363242757,Default,Undefined,Storm Water Inlet Drain,,,"(-6.8074832, 39.2467208)"
363242758,363242758,Default,Undefined,Storm Water Inlet Drain,,,"(-6.8077351, 39.2467635)"
363242759,363242759,Default,Undefined,Storm Water Inlet Drain,,,"(-6.8085934, 39.24789)"
363242760,363242760,Default,Undefined,Storm Water Inlet Drain,,,"(-6.8065577, 39.2464689)"
363242761,363242761,Default,Undefined,Storm Water Inlet Drain,,,"(-6.8085727, 39.2472357)"
363242762,363242762,Default,Undefined,Storm Water Inlet Drain,,,"(-6.8071458, 39.2465608)"
363242763,363242763,Default,Undefined,Storm Water Inlet Drain,,,"(-6.8062344, 39.2462167)"
363242764,363242764,Default,Undefined,Storm Water Inlet Drain,,,"(-6.8083626, 39.2468519)"
363244059,363244059,Default,Undefined,Storm Water Inlet Drain,,,"(-6.8071408, 39.245298)"
363244061,363244061,Default,Undefined,Storm Water Inlet Drain,,,"(-6.8059398, 39.2454004)"
363244062,363244062,Default,Undefined,Storm Water Inlet Drain,,,"(-6.8059387, 39.2454094)"
363244371,363244371,Default,Undefined,Storm Water Inlet Drain,,,"(-6.8039028, 39.244069)"
363244372,363244372,Default,Undefined,Storm Water Inlet Drain,,,"(-6.8051646, 39.2440108)"
363244629,363244629,Default,Undefined,Storm Water Inlet Drain,,,"(-6.8038745, 39.244069)"
363250340,363250340,Default,Undefined,Storm Water Inlet Drain,,,"(-6.8091124, 39.2462342)"
363250341,363250341,Default,Undefined,Storm Water Inlet Drain,,,"(-6.8050584, 39.2450091)"
363250342,363250342,Default,Undefined,Storm Water Inlet Drain,,,"(-6.8050938, 39.2449789)"
363250343,363250343,Default,Undefined,Storm Water Inlet Drain,,,"(-6.8098019, 39.2461754)"
363250344,363250344,Default,Undefined,Storm Water Inlet Drain,,,"(-6.8054406, 39.2446794)"
365184463,365184463,Default,Undefined,Storm Water Inlet Drain,,,"(-6.8185835, 39.2434698)"
365652222,365652222,Default,Undefined,Storm Water Inlet Drain,,,"(-6.8184846, 39.2514962)"
366294558,366294558,Default,Undefined,Storm Water Inlet Drain,,,"(-6.8080379, 39.2604975)"
366302349,366302349,Default,Undefined,Storm Water Inlet Drain,,,"(-6.8076665, 39.2612251)"
366302350,366302350,Default,Undefined,Storm Water Inlet Drain,,,"(-6.8075807, 39.2612543)"
366302351,366302351,Default,Undefined,Storm Water Inlet Drain,,,"(-6.8080192, 39.2611066)"
366308990,366308990,Default,Undefined,Storm Water Inlet Drain,,,"(-6.8089858, 39.2627192)"
366308994,366308994,Default,Undefined,Storm Water Inlet Drain,,,"(-6.808984, 39.2623079)"
366450338,366450338,Default,Undefined,Storm Water Inlet Drain,,,"(-6.8098092, 39.2647839)"
366451085,366451085,Default,Undefined,Storm Water Inlet Drain,,,"(-6.8095505, 39.2643352)"
366452409,366452409,Default,Undefined,Storm Water Inlet Drain,,,"(-6.8099061, 39.264574)"
366452410,366452410,Default,Undefined,Storm Water Inlet Drain,,,"(-6.8095611, 39.2645417)"
366459027,366459027,Default,Undefined,Storm Water Inlet Drain,,,"(-6.8098309, 39.2579812)"
366462153,366462153,Default,Undefined,Storm Water Inlet Drain,,,"(-6.8078812, 39.2621059)"
366463283,366463283,Default,Undefined,Storm Water Inlet Drain,,,"(-6.807985, 39.2624961)"
366463286,366463286,Default,Undefined,Storm Water Inlet Drain,,,"(-6.8078842, 39.2621287)"
366463287,366463287,Default,Undefined,Storm Water Inlet Drain,,,"(-6.8078917, 39.2621373)"
366463288,366463288,Default,Undefined,Storm Water Inlet Drain,,,"(-6.807985, 39.2624519)"
366463289,366463289,Default,Undefined,Storm Water Inlet Drain,,,"(-6.8078985, 39.2621578)"
366463290,366463290,Default,Undefined,Storm Water Inlet Drain,,,"(-6.80797, 39.2621767)"
366468466,366468466,Default,Undefined,Storm Water Inlet Drain,,,"(-6.8076441, 39.2596545)"
366643629,366643629,Default,Undefined,Storm Water Inlet Drain,,,"(-6.8022796, 39.2643358)"
366644058,366644058,Default,Undefined,Storm Water Inlet Drain,,,"(-6.8023648, 39.2643169)"
366646263,366646263,Default,Undefined,Storm Water Inlet Drain,,,"(-6.8029389, 39.265226)"
366646265,366646265,Default,Undefined,Storm Water Inlet Drain,,,"(-6.8025268, 39.2651615)"
366646268,366646268,Default,Undefined,Storm Water Inlet Drain,,,"(-6.802615, 39.2651673)"
366763185,366763185,Default,Undefined,Storm Water Inlet Drain,,,"(-6.8075414, 39.2604215)"
366763186,366763186,Default,Undefined,Storm Water Inlet Drain,,,"(-6.8076179, 39.2603992)"
366763189,366763189,Default,Undefined,Storm Water Inlet Drain,,,"(-6.8075171, 39.260428)"
366763191,366763191,Default,Undefined,Storm Water Inlet Drain,,,"(-6.8074964, 39.2604405)"
366763193,366763193,Default,Undefined,Storm Water Inlet Drain,,,"(-6.8077263, 39.2603687)"
366763194,366763194,Default,Undefined,Storm Water Inlet Drain,,,"(-6.807297, 39.26047)"
366763196,366763196,Default,Undefined,Storm Water Inlet Drain,,,"(-6.8077532, 39.2604464)"
366763197,366763197,Default,Undefined,Storm Water Inlet Drain,,,"(-6.8071984, 39.2599161)"
366763198,366763198,Default,Undefined,Storm Water Inlet Drain,,,"(-6.8074154, 39.2605587)"
366793168,366793168,Default,Undefined,Storm Water Inlet Drain,,,"(-6.8078594, 39.2641923)"
366794890,366794890,Default,Undefined,Storm Water Inlet Drain,,,"(-6.8053917, 39.2608322)"
366797190,366797190,Default,Undefined,Storm Water Inlet Drain,,,"(-6.805899, 39.2612571)"
366797191,366797191,Default,Undefined,Storm Water Inlet Drain,,,"(-6.8054073, 39.2612133)"
366799654,366799654,Default,Undefined,Storm Water Inlet Drain,,,"(-6.8080767, 39.2644058)"
366799657,366799657,Default,Undefined,Storm Water Inlet Drain,,,"(-6.8080792, 39.2644058)"
366803080,366803080,Default,Undefined,Storm Water Inlet Drain,,,"(-6.8049056, 39.2619862)"
366803083,366803083,Default,Undefined,Storm Water Inlet Drain,,,"(-6.806136, 39.2598027)"
366803084,366803084,Default,Undefined,Storm Water Inlet Drain,,,"(-6.8055065, 39.2609369)"
366803085,366803085,Default,Undefined,Storm Water Inlet Drain,,,"(-6.8061375, 39.260957)"
366803087,366803087,Default,Undefined,Storm Water Inlet Drain,,,"(-6.8056709, 39.2589084)"
366805383,366805383,Default,Undefined,Storm Water Inlet Drain,,,"(-6.8078365, 39.264191)"
366809810,366809810,Default,Undefined,Storm Water Inlet Drain,,,"(-6.8025178, 39.2646421)"
367222032,367222032,Default,Undefined,Storm Water Inlet Drain,,,"(-6.8037417, 39.2622937)"
367223722,367223722,Default,Undefined,Storm Water Inlet Drain,,,"(-6.8047251, 39.2655147)"
367272441,367272441,Default,Undefined,Storm Water Inlet Drain,,,"(-6.8070583, 39.257683)"
367272446,367272446,Default,Undefined,Storm Water Inlet Drain,,,"(-6.8042104, 39.2599851)"
367277208,367277208,Default,Undefined,Storm Water Inlet Drain,,,"(-6.8071819, 39.2599286)"
367277215,367277215,Default,Undefined,Storm Water Inlet Drain,,,"(-6.8066339, 39.260439)"
367277216,367277216,Default,Undefined,Storm Water Inlet Drain,,,"(-6.8069339, 39.2603358)"
367277233,367277233,Default,Undefined,Storm Water Inlet Drain,,,"(-6.8069092, 39.2603456)"
367277234,367277234,Default,Undefined,Storm Water Inlet Drain,,,"(-6.8071819, 39.260254)"
367277236,367277236,Default,Undefined,Storm Water Inlet Drain,,,"(-6.8066151, 39.2604455)"
367277237,367277237,Default,Undefined,Storm Water Inlet Drain,,,"(-6.8076379, 39.2600971)"
367385356,367385356,Default,Undefined,Storm Water Inlet Drain,,,"(-6.8041552, 39.2659226)"
367400039,367400039,Default,Undefined,Storm Water Inlet Drain,,,"(-6.8047507, 39.2617384)"
367400040,367400040,Default,Undefined,Storm Water Inlet Drain,,,"(-6.8041171, 39.261966)"
367400041,367400041,Default,Undefined,Storm Water Inlet Drain,,,"(-6.804565, 39.2619167)"
367400042,367400042,Default,Undefined,Storm Water Inlet Drain,,,"(-6.8044938, 39.2620362)"
367419558,367419558,Default,Undefined,Storm Water Inlet Drain,,,"(-6.8027294, 39.2655687)"
367420960,367420960,Default,Undefined,Storm Water Inlet Drain,,,"(-6.8029183, 39.2655193)"
367420962,367420962,Default,Undefined,Storm Water Inlet Drain,,,"(-6.8024036, 39.2660962)"
367420965,367420965,Default,Undefined,Storm Water Inlet Drain,,,"(-6.8029389, 39.2654697)"
367504195,367504195,Default,Undefined,Storm Water Inlet Drain,,,"(-6.808317, 39.2618522)"
367504196,367504196,Default,Undefined,Storm Water Inlet Drain,,,"(-6.8080589, 39.2611066)"
367504197,367504197,Default,Undefined,Storm Water Inlet Drain,,,"(-6.8084313, 39.2618836)"
367577266,367577266,Default,Undefined,Storm Water Inlet Drain,,,"(-6.8033657, 39.2591795)"
367577268,367577268,Default,Undefined,Storm Water Inlet Drain,,,"(-6.8042104, 39.2599851)"
367577271,367577271,Default,Undefined,Storm Water Inlet Drain,,,"(-6.8040964, 39.2593246)"
367585574,367585574,Default,Undefined,Storm Water Inlet Drain,,,"(-6.8050399, 39.2580968)"
367593227,367593227,Default,Undefined,Storm Water Inlet Drain,,,"(-6.8289329, 39.2458108)"
367593480,367593480,Default,Undefined,Storm Water Inlet Drain,,,"(-6.8055391, 39.2478671)"
367593481,367593481,Default,Undefined,Storm Water Inlet Drain,,,"(-6.8055202, 39.2479048)"
367593987,367593987,Default,Undefined,Storm Water Inlet Drain,,,"(-6.825105, 39.2499347)"
367594179,367594179,Default,Undefined,Storm Water Inlet Drain,,,"(-6.802765, 39.2494358)"
367762397,367762397,Default,Undefined,Storm Water Inlet Drain,,,"(-6.8152916, 39.2439371)"
367772742,367772742,Default,Undefined,Storm Water Inlet Drain,,,"(-6.8025905, 39.2632332)"
367783221,367783221,Default,Undefined,Storm Water Inlet Drain,,,"(-6.8023892, 39.2661124)"
367955463,367955463,Default,Undefined,Storm Water Inlet Drain,,,"(-6.8071487, 39.2625644)"
367958627,367958627,Default,Undefined,Storm Water Inlet Drain,,,"(-6.8023862, 39.2643155)"
367958628,367958628,Default,Undefined,Storm Water Inlet Drain,,,"(-6.8034332, 39.2641056)"
367964337,367964337,Default,Undefined,Storm Water Inlet Drain,,,"(-6.8266845, 39.2482258)"
367964338,367964338,Default,Undefined,Storm Water Inlet Drain,,,"(-6.8265883, 39.2480187)"
367964397,367964397,Default,Undefined,Storm Water Inlet Drain,,,"(-6.8286745, 39.2440432)"
367968355,367968355,Default,Undefined,Storm Water Inlet Drain,,,"(-6.828728, 39.2435818)"
368607196,368607196,Default,Undefined,Storm Water Inlet Drain,,,"(-6.8081838, 39.2642715)"
368616310,368616310,Default,Undefined,Storm Water Inlet Drain,,,"(-6.8084655, 39.2622341)"
368616311,368616311,Default,Undefined,Storm Water Inlet Drain,,,"(-6.8073071, 39.2605901)"
368618209,368618209,Default,Undefined,Storm Water Inlet Drain,,,"(-6.8077811, 39.2604407)"
368946462,368946462,Default,Undefined,Storm Water Inlet Drain,,,"(-6.8139566, 39.2730504)"
368947708,368947708,Default,Undefined,Storm Water Inlet Drain,,,"(-6.8130047, 39.2704123)"
368948406,368948406,Default,Undefined,Storm Water Inlet Drain,,,"(-6.8130383, 39.2712901)"
368974095,368974095,Default,Undefined,Storm Water Inlet Drain,,,"(-6.8144943, 39.2705778)"
368974096,368974096,Default,Undefined,Storm Water Inlet Drain,,,"(-6.8143761, 39.271773)"
368999802,368999802,Default,Undefined,Storm Water Inlet Drain,,,"(-6.8243879, 39.2499131)"
368999803,368999803,Default,Undefined,Storm Water Inlet Drain,,,"(-6.8244009, 39.2499277)"
370071393,370071393,Default,Undefined,Storm Water Inlet Drain,,,"(-6.8169991, 39.2715339)"
370071394,370071394,Default,Undefined,Storm Water Inlet Drain,,,"(-6.8165466, 39.2713878)"
370071395,370071395,Default,Undefined,Storm Water Inlet Drain,,,"(-6.8161032, 39.2710958)"
370160932,370160932,Default,Undefined,Storm Water Inlet Drain,,,"(-6.8086447, 39.2541074)"
370160933,370160933,Default,Undefined,Storm Water Inlet Drain,,,"(-6.8086371, 39.2551477)"
370161227,370161227,Default,Undefined,Storm Water Inlet Drain,,,"(-6.8084644, 39.255545)"
370161228,370161228,Default,Undefined,Storm Water Inlet Drain,,,"(-6.8076389, 39.2553319)"
370186970,370186970,Default,Undefined,Storm Water Inlet Drain,,,"(-6.816908, 39.2709887)"
370186971,370186971,Default,Undefined,Storm Water Inlet Drain,,,"(-6.8184196, 39.2691813)"
370186972,370186972,Default,Undefined,Storm Water Inlet Drain,,,"(-6.816046, 39.2704379)"
370186973,370186973,Default,Undefined,Storm Water Inlet Drain,,,"(-6.8162918, 39.2700642)"
370186974,370186974,Default,Undefined,Storm Water Inlet Drain,,,"(-6.8160144, 39.2705)"
370186975,370186975,Default,Undefined,Storm Water Inlet Drain,,,"(-6.8163105, 39.2700883)"
370225282,370225282,Default,Undefined,Storm Water Inlet Drain,,,"(-6.8156887, 39.2738201)"
370225283,370225283,Default,Undefined,Storm Water Inlet Drain,,,"(-6.8159108, 39.2731884)"
370226393,370226393,Default,Undefined,Storm Water Inlet Drain,,,"(-6.815233, 39.2736634)"
370226394,370226394,Default,Undefined,Storm Water Inlet Drain,,,"(-6.8149638, 39.272873)"
370536183,370536183,Default,Undefined,Storm Water Inlet Drain,,,"(-6.8188099, 39.2489884)"
370536184,370536184,Default,Undefined,Storm Water Inlet Drain,,,"(-6.8182927, 39.2496835)"
370537541,370537541,Default,Undefined,Storm Water Inlet Drain,,,"(-6.8061992, 39.2511081)"
370537542,370537542,Default,Undefined,Storm Water Inlet Drain,,,"(-6.8072794, 39.2515225)"
370537545,370537545,Default,Undefined,Storm Water Inlet Drain,,,"(-6.8062543, 39.2511629)"
370537546,370537546,Default,Undefined,Storm Water Inlet Drain,,,"(-6.8057921, 39.2508741)"
370537547,370537547,Default,Undefined,Storm Water Inlet Drain,,,"(-6.8059995, 39.2508147)"
370537549,370537549,Default,Undefined,Storm Water Inlet Drain,,,"(-6.8057607, 39.2508837)"
370537725,370537725,Default,Undefined,Storm Water Inlet Drain,,,"(-6.8192334, 39.2498388)"
370537726,370537726,Default,Undefined,Storm Water Inlet Drain,,,"(-6.8193651, 39.2491731)"
370537727,370537727,Default,Undefined,Storm Water Inlet Drain,,,"(-6.8192914, 39.2499481)"
370537728,370537728,Default,Undefined,Storm Water Inlet Drain,,,"(-6.8187485, 39.249798)"
370537729,370537729,Default,Undefined,Storm Water Inlet Drain,,,"(-6.8192572, 39.2502983)"
370537730,370537730,Default,Undefined,Storm Water Inlet Drain,,,"(-6.8192886, 39.2500237)"
370537731,370537731,Default,Undefined,Storm Water Inlet Drain,,,"(-6.8193651, 39.2493541)"
370537916,370537916,Default,Undefined,Storm Water Inlet Drain,,,"(-6.8182416, 39.2501116)"
370538389,370538389,Default,Undefined,Storm Water Inlet Drain,,,"(-6.80733, 39.2518995)"
370538390,370538390,Default,Undefined,Storm Water Inlet Drain,,,"(-6.8078492, 39.252188)"
370538391,370538391,Default,Undefined,Storm Water Inlet Drain,,,"(-6.8076489, 39.2520962)"
370538392,370538392,Default,Undefined,Storm Water Inlet Drain,,,"(-6.8081224, 39.2524308)"
370538393,370538393,Default,Undefined,Storm Water Inlet Drain,,,"(-6.8077438, 39.2521715)"
370538394,370538394,Default,Undefined,Storm Water Inlet Drain,,,"(-6.8077147, 39.2521296)"
370538395,370538395,Default,Undefined,Storm Water Inlet Drain,,,"(-6.8078712, 39.252255)"
370538396,370538396,Default,Undefined,Storm Water Inlet Drain,,,"(-6.8075927, 39.2519313)"
370538518,370538518,Default,Undefined,Storm Water Inlet Drain,,,"(-6.8080786, 39.2522715)"
370538928,370538928,Default,Undefined,Storm Water Inlet Drain,,,"(-6.8061596, 39.2510326)"
370538931,370538931,Default,Undefined,Storm Water Inlet Drain,,,"(-6.8061314, 39.2508147)"
370538933,370538933,Default,Undefined,Storm Water Inlet Drain,,,"(-6.8061698, 39.2510881)"
370539842,370539842,Default,Undefined,Storm Water Inlet Drain,,,"(-6.8188429, 39.2481983)"
370539927,370539927,Default,Undefined,Storm Water Inlet Drain,,,"(-6.8185899, 39.2487482)"
370539928,370539928,Default,Undefined,Storm Water Inlet Drain,,,"(-6.8186382, 39.2485807)"
370539929,370539929,Default,Undefined,Storm Water Inlet Drain,,,"(-6.817927, 39.2481434)"
370539930,370539930,Default,Undefined,Storm Water Inlet Drain,,,"(-6.8178639, 39.2483162)"
370539931,370539931,Default,Undefined,Storm Water Inlet Drain,,,"(-6.8178116, 39.2484595)"
370539932,370539932,Default,Undefined,Storm Water Inlet Drain,,,"(-6.8179424, 39.2481011)"
370539933,370539933,Default,Undefined,Storm Water Inlet Drain,,,"(-6.81788, 39.2482721)"
370539934,370539934,Default,Undefined,Storm Water Inlet Drain,,,"(-6.818716, 39.2483461)"
370539935,370539935,Default,Undefined,Storm Water Inlet Drain,,,"(-6.8186013, 39.2487112)"
370539936,370539936,Default,Undefined,Storm Water Inlet Drain,,,"(-6.8186296, 39.2486174)"
370539937,370539937,Default,Undefined,Storm Water Inlet Drain,,,"(-6.8187058, 39.2483829)"
370539938,370539938,Default,Undefined,Storm Water Inlet Drain,,,"(-6.8177951, 39.2485033)"
370539939,370539939,Default,Undefined,Storm Water Inlet Drain,,,"(-6.8189137, 39.2475335)"
370540014,370540014,Default,Undefined,Storm Water Inlet Drain,,,"(-6.8194899, 39.2477786)"
370541185,370541185,Default,Undefined,Storm Water Inlet Drain,,,"(-6.8199308, 39.2493411)"
370541669,370541669,Default,Undefined,Storm Water Inlet Drain,,,"(-6.8087018, 39.2529277)"
370541670,370541670,Default,Undefined,Storm Water Inlet Drain,,,"(-6.8084715, 39.252876)"
370541671,370541671,Default,Undefined,Storm Water Inlet Drain,,,"(-6.8082675, 39.2524782)"
370541845,370541845,Default,Undefined,Storm Water Inlet Drain,,,"(-6.8064938, 39.2512647)"
370541846,370541846,Default,Undefined,Storm Water Inlet Drain,,,"(-6.8064395, 39.2512555)"
370541847,370541847,Default,Undefined,Storm Water Inlet Drain,,,"(-6.8069311, 39.2515624)"
370541848,370541848,Default,Undefined,Storm Water Inlet Drain,,,"(-6.8066172, 39.2504785)"
370541849,370541849,Default,Undefined,Storm Water Inlet Drain,,,"(-6.8061644, 39.2507644)"
370541850,370541850,Default,Undefined,Storm Water Inlet Drain,,,"(-6.8065597, 39.2513379)"
370541851,370541851,Default,Undefined,Storm Water Inlet Drain,,,"(-6.8062519, 39.2506145)"
370541852,370541852,Default,Undefined,Storm Water Inlet Drain,,,"(-6.8071141, 39.2515817)"
370541853,370541853,Default,Undefined,Storm Water Inlet Drain,,,"(-6.8063042, 39.2509014)"
370541854,370541854,Default,Undefined,Storm Water Inlet Drain,,,"(-6.8064271, 39.2511662)"
370541855,370541855,Default,Undefined,Storm Water Inlet Drain,,,"(-6.8063237, 39.2511436)"
370541856,370541856,Default,Undefined,Storm Water Inlet Drain,,,"(-6.8065855, 39.2513503)"
370541857,370541857,Default,Undefined,Storm Water Inlet Drain,,,"(-6.8062273, 39.2506368)"
370541858,370541858,Default,Undefined,Storm Water Inlet Drain,,,"(-6.8065713, 39.2504353)"
370541859,370541859,Default,Undefined,Storm Water Inlet Drain,,,"(-6.806542, 39.2513039)"
370541860,370541860,Default,Undefined,Storm Water Inlet Drain,,,"(-6.8068991, 39.2513688)"
370541861,370541861,Default,Undefined,Storm Water Inlet Drain,,,"(-6.8075915, 39.2504425)"
370542528,370542528,Default,Undefined,Storm Water Inlet Drain,,,"(-6.8168771, 39.251565)"
370543211,370543211,Default,Undefined,Storm Water Inlet Drain,,,"(-6.8188471, 39.248186)"
370543212,370543212,Default,Undefined,Storm Water Inlet Drain,,,"(-6.8189179, 39.2479673)"
370543330,370543330,Default,Undefined,Storm Water Inlet Drain,,,"(-6.8183878, 39.2489823)"
370543331,370543331,Default,Undefined,Storm Water Inlet Drain,,,"(-6.8181974, 39.249549)"
370544112,370544112,Default,Undefined,Storm Water Inlet Drain,,,"(-6.8191182, 39.2461644)"
370544113,370544113,Default,Undefined,Storm Water Inlet Drain,,,"(-6.81898, 39.2476167)"
370544114,370544114,Default,Undefined,Storm Water Inlet Drain,,,"(-6.819149, 39.2456394)"
370544115,370544115,Default,Undefined,Storm Water Inlet Drain,,,"(-6.819146, 39.2457389)"
370544116,370544116,Default,Undefined,Storm Water Inlet Drain,,,"(-6.8192519, 39.2476167)"
370544117,370544117,Default,Undefined,Storm Water Inlet Drain,,,"(-6.8196448, 39.2454772)"
370545620,370545620,Default,Undefined,Storm Water Inlet Drain,,,"(-6.8189026, 39.2478247)"
370545621,370545621,Default,Undefined,Storm Water Inlet Drain,,,"(-6.8188499, 39.2479917)"
370545623,370545623,Default,Undefined,Storm Water Inlet Drain,,,"(-6.8189002, 39.2478329)"
370546659,370546659,Default,Undefined,Storm Water Inlet Drain,,,"(-6.809075, 39.2540072)"
370550778,370550778,Default,Undefined,Storm Water Inlet Drain,,,"(-6.8190139, 39.2466754)"
370550780,370550780,Default,Undefined,Storm Water Inlet Drain,,,"(-6.8190245, 39.2465065)"
370550783,370550783,Default,Undefined,Storm Water Inlet Drain,,,"(-6.8190245, 39.2464969)"
370550786,370550786,Default,Undefined,Storm Water Inlet Drain,,,"(-6.8190416, 39.2462289)"
370550787,370550787,Default,Undefined,Storm Water Inlet Drain,,,"(-6.8189659, 39.2458616)"
370550789,370550789,Default,Undefined,Storm Water Inlet Drain,,,"(-6.8190416, 39.2461836)"
370550791,370550791,Default,Undefined,Storm Water Inlet Drain,,,"(-6.8188964, 39.2459329)"
370550794,370550794,Default,Undefined,Storm Water Inlet Drain,,,"(-6.8190111, 39.2467198)"
370550796,370550796,Default,Undefined,Storm Water Inlet Drain,,,"(-6.8190599, 39.2457892)"
370550801,370550801,Default,Undefined,Storm Water Inlet Drain,,,"(-6.8181628, 39.2472852)"
370550802,370550802,Default,Undefined,Storm Water Inlet Drain,,,"(-6.8190765, 39.245783)"
370550804,370550804,Default,Undefined,Storm Water Inlet Drain,,,"(-6.8186752, 39.2468446)"
370551506,370551506,Default,Undefined,Storm Water Inlet Drain,,,"(-6.8188791, 39.2476466)"
370551510,370551510,Default,Undefined,Storm Water Inlet Drain,,,"(-6.8190095, 39.2467957)"
370551514,370551514,Default,Undefined,Storm Water Inlet Drain,,,"(-6.8189759, 39.2472951)"
370551519,370551519,Default,Undefined,Storm Water Inlet Drain,,,"(-6.818974, 39.2473032)"
370551522,370551522,Default,Undefined,Storm Water Inlet Drain,,,"(-6.8190089, 39.2468483)"
370551523,370551523,Default,Undefined,Storm Water Inlet Drain,,,"(-6.8189557, 39.2474281)"
370686835,370686835,Default,Undefined,Storm Water Inlet Drain,,,"(-6.8075812, 39.25533)"
370686837,370686837,Default,Undefined,Storm Water Inlet Drain,,,"(-6.8084049, 39.2553319)"
370689630,370689630,Default,Undefined,Storm Water Inlet Drain,,,"(-6.8069648, 39.2555002)"
370689632,370689632,Default,Undefined,Storm Water Inlet Drain,,,"(-6.8069233, 39.2551782)"
370689635,370689635,Default,Undefined,Storm Water Inlet Drain,,,"(-6.8069433, 39.2552915)"
370689637,370689637,Default,Undefined,Storm Water Inlet Drain,,,"(-6.8074877, 39.2552891)"
370689770,370689770,Default,Undefined,Storm Water Inlet Drain,,,"(-6.8088594, 39.2551603)"
370690808,370690808,Default,Undefined,Storm Water Inlet Drain,,,"(-6.8090397, 39.2539388)"
370692140,370692140,Default,Undefined,Storm Water Inlet Drain,,,"(-6.8100422, 39.2544857)"
370692142,370692142,Default,Undefined,Storm Water Inlet Drain,,,"(-6.8092929, 39.2543866)"
370695385,370695385,Default,Undefined,Storm Water Inlet Drain,,,"(-6.8100155, 39.2583974)"
370695386,370695386,Default,Undefined,Storm Water Inlet Drain,,,"(-6.8101659, 39.258775)"
370695387,370695387,Default,Undefined,Storm Water Inlet Drain,,,"(-6.8093063, 39.2576914)"
370695388,370695388,Default,Undefined,Storm Water Inlet Drain,,,"(-6.8098797, 39.2580253)"
370695389,370695389,Default,Undefined,Storm Water Inlet Drain,,,"(-6.810304, 39.2591735)"
370695390,370695390,Default,Undefined,Storm Water Inlet Drain,,,"(-6.8099782, 39.2581244)"
370695391,370695391,Default,Undefined,Storm Water Inlet Drain,,,"(-6.8101172, 39.2584924)"
370695392,370695392,Default,Undefined,Storm Water Inlet Drain,,,"(-6.8092814, 39.2572947)"
370695393,370695393,Default,Undefined,Storm Water Inlet Drain,,,"(-6.8102796, 39.2588682)"
370695394,370695394,Default,Undefined,Storm Water Inlet Drain,,,"(-6.8103703, 39.2592423)"
370695395,370695395,Default,Undefined,Storm Water Inlet Drain,,,"(-6.8098301, 39.2577526)"
370697022,370697022,Default,Undefined,Storm Water Inlet Drain,,,"(-6.8167509, 39.2521883)"
370697328,370697328,Default,Undefined,Storm Water Inlet Drain,,,"(-6.8099491, 39.258495)"
370697329,370697329,Default,Undefined,Storm Water Inlet Drain,,,"(-6.810304, 39.2592423)"
370697330,370697330,Default,Undefined,Storm Water Inlet Drain,,,"(-6.8100155, 39.2584924)"
370697331,370697331,Default,Undefined,Storm Water Inlet Drain,,,"(-6.8090189, 39.2592384)"
370697332,370697332,Default,Undefined,Storm Water Inlet Drain,,,"(-6.8092057, 39.2591842)"
370697333,370697333,Default,Undefined,Storm Water Inlet Drain,,,"(-6.8102384, 39.2592514)"
370697334,370697334,Default,Undefined,Storm Water Inlet Drain,,,"(-6.8101659, 39.2588675)"
370697529,370697529,Default,Undefined,Storm Water Inlet Drain,,,"(-6.8188908, 39.2491921)"
370700994,370700994,Default,Undefined,Storm Water Inlet Drain,,,"(-6.8151534, 39.2500145)"
370701240,370701240,Default,Undefined,Storm Water Inlet Drain,,,"(-6.8148786, 39.2512603)"
370703038,370703038,Default,Undefined,Storm Water Inlet Drain,,,"(-6.8174472, 39.2491243)"
370703039,370703039,Default,Undefined,Storm Water Inlet Drain,,,"(-6.8167392, 39.2522486)"
370834538,370834538,Default,Undefined,Storm Water Inlet Drain,,,"(-6.8106195, 39.2601955)"
370834539,370834539,Default,Undefined,Storm Water Inlet Drain,,,"(-6.8094478, 39.2601691)"
370834540,370834540,Default,Undefined,Storm Water Inlet Drain,,,"(-6.8101097, 39.2608418)"
370834542,370834542,Default,Undefined,Storm Water Inlet Drain,,,"(-6.8104845, 39.2598008)"
370834543,370834543,Default,Undefined,Storm Water Inlet Drain,,,"(-6.8107763, 39.2604164)"
370841429,370841429,Default,Undefined,Storm Water Inlet Drain,,,"(-6.807167, 39.2516947)"
370841430,370841430,Default,Undefined,Storm Water Inlet Drain,,,"(-6.8081751, 39.2517245)"
370842786,370842786,Default,Undefined,Storm Water Inlet Drain,,,"(-6.8119176, 39.2627567)"
370842787,370842787,Default,Undefined,Storm Water Inlet Drain,,,"(-6.8120466, 39.2627694)"
370842788,370842788,Default,Undefined,Storm Water Inlet Drain,,,"(-6.8120962, 39.2627708)"
370842789,370842789,Default,Undefined,Storm Water Inlet Drain,,,"(-6.81165, 39.2627268)"
370842790,370842790,Default,Undefined,Storm Water Inlet Drain,,,"(-6.8120378, 39.2627576)"
370842791,370842791,Default,Undefined,Storm Water Inlet Drain,,,"(-6.8116403, 39.2626691)"
370842792,370842792,Default,Undefined,Storm Water Inlet Drain,,,"(-6.8119097, 39.2627278)"
370843340,370843340,Default,Undefined,Storm Water Inlet Drain,,,"(-6.8066636, 39.2512277)"
370844316,370844316,Default,Undefined,Storm Water Inlet Drain,,,"(-6.8094148, 39.2602392)"
370844317,370844317,Default,Undefined,Storm Water Inlet Drain,,,"(-6.8102018, 39.2599755)"
370845576,370845576,Default,Undefined,Storm Water Inlet Drain,,,"(-6.8095059, 39.2605983)"
370850373,370850373,Default,Undefined,Storm Water Inlet Drain,,,"(-6.8108296, 39.2572255)"
370850376,370850376,Default,Undefined,Storm Water Inlet Drain,,,"(-6.8107328, 39.2570558)"
370850379,370850379,Default,Undefined,Storm Water Inlet Drain,,,"(-6.8106128, 39.2568561)"
370850382,370850382,Default,Undefined,Storm Water Inlet Drain,,,"(-6.8111792, 39.2576865)"
370850383,370850383,Default,Undefined,Storm Water Inlet Drain,,,"(-6.8106971, 39.2568918)"
370850384,370850384,Default,Undefined,Storm Water Inlet Drain,,,"(-6.8105916, 39.2564774)"
370850385,370850385,Default,Undefined,Storm Water Inlet Drain,,,"(-6.8109936, 39.25732)"
370850386,370850386,Default,Undefined,Storm Water Inlet Drain,,,"(-6.8107699, 39.2571313)"
370949057,370949057,Default,Undefined,Storm Water Inlet Drain,,,"(-6.8215652, 39.2484025)"
370955524,370955524,Default,Undefined,Storm Water Inlet Drain,,,"(-6.8213137, 39.2471907)"
371115306,371115306,Default,Undefined,Storm Water Inlet Drain,,,"(-6.8217055, 39.2443423)"
371115309,371115309,Default,Undefined,Storm Water Inlet Drain,,,"(-6.8197725, 39.2443938)"
371115508,371115508,Default,Undefined,Storm Water Inlet Drain,,,"(-6.8082278, 39.2523967)"
371115512,371115512,Default,Undefined,Storm Water Inlet Drain,,,"(-6.8086714, 39.2524561)"
371117107,371117107,Default,Undefined,Storm Water Inlet Drain,,,"(-6.8089493, 39.25696)"
371117115,371117115,Default,Undefined,Storm Water Inlet Drain,,,"(-6.8101941, 39.2561447)"
371117119,371117119,Default,Undefined,Storm Water Inlet Drain,,,"(-6.8088309, 39.2570865)"
371118524,371118524,Default,Undefined,Storm Water Inlet Drain,,,"(-6.8123658, 39.2629985)"
371123613,371123613,Default,Undefined,Storm Water Inlet Drain,,,"(-6.8080921, 39.2572985)"
371123614,371123614,Default,Undefined,Storm Water Inlet Drain,,,"(-6.8079368, 39.2573815)"
371123615,371123615,Default,Undefined,Storm Water Inlet Drain,,,"(-6.8086809, 39.2568775)"
371123834,371123834,Default,Undefined,Storm Water Inlet Drain,,,"(-6.8110293, 39.2610594)"
371123835,371123835,Default,Undefined,Storm Water Inlet Drain,,,"(-6.8103319, 39.261603)"
371126830,371126830,Default,Undefined,Storm Water Inlet Drain,,,"(-6.8109005, 39.2607305)"
371126831,371126831,Default,Undefined,Storm Water Inlet Drain,,,"(-6.8098962, 39.2613106)"
371126832,371126832,Default,Undefined,Storm Water Inlet Drain,,,"(-6.8109213, 39.2609692)"
371126833,371126833,Default,Undefined,Storm Water Inlet Drain,,,"(-6.8100345, 39.2612665)"
371130378,371130378,Default,Undefined,Storm Water Inlet Drain,,,"(-6.8109213, 39.2609692)"
371131785,371131785,Default,Undefined,Storm Water Inlet Drain,,,"(-6.8110652, 39.2613833)"
371131787,371131787,Default,Undefined,Storm Water Inlet Drain,,,"(-6.8111663, 39.261447)"
371133555,371133555,Default,Undefined,Storm Water Inlet Drain,,,"(-6.8192742, 39.2502982)"
371134956,371134956,Default,Undefined,Storm Water Inlet Drain,,,"(-6.8111663, 39.2617508)"
371221735,371221735,Default,Undefined,Storm Water Inlet Drain,,,"(-6.8187349, 39.2518723)"
371231846,371231846,Default,Undefined,Storm Water Inlet Drain,,,"(-6.81898, 39.2476883)"
371231847,371231847,Default,Undefined,Storm Water Inlet Drain,,,"(-6.8189374, 39.2479023)"
371231848,371231848,Default,Undefined,Storm Water Inlet Drain,,,"(-6.81898, 39.2476877)"
371232914,371232914,Default,Undefined,Storm Water Inlet Drain,,,"(-6.818335, 39.2502675)"
371233100,371233100,Default,Undefined,Storm Water Inlet Drain,,,"(-6.818335, 39.2502934)"
371233104,371233104,Default,Undefined,Storm Water Inlet Drain,,,"(-6.8184117, 39.2502934)"
371235167,371235167,Default,Undefined,Storm Water Inlet Drain,,,"(-6.8177842, 39.2511222)"
371235170,371235170,Default,Undefined,Storm Water Inlet Drain,,,"(-6.8178541, 39.2510946)"
371235175,371235175,Default,Undefined,Storm Water Inlet Drain,,,"(-6.8173184, 39.2525879)"
371235179,371235179,Default,Undefined,Storm Water Inlet Drain,,,"(-6.8174141, 39.252328)"
371235185,371235185,Default,Undefined,Storm Water Inlet Drain,,,"(-6.8172987, 39.2526363)"
371235188,371235188,Default,Undefined,Storm Water Inlet Drain,,,"(-6.8173976, 39.2523755)"
371235191,371235191,Default,Undefined,Storm Water Inlet Drain,,,"(-6.8174676, 39.2521317)"
371238269,371238269,Default,Undefined,Storm Water Inlet Drain,,,"(-6.8170109, 39.2514913)"
371239301,371239301,Default,Undefined,Storm Water Inlet Drain,,,"(-6.8168553, 39.2522213)"
371239302,371239302,Default,Undefined,Storm Water Inlet Drain,,,"(-6.8166775, 39.2531186)"
371239303,371239303,Default,Undefined,Storm Water Inlet Drain,,,"(-6.8184603, 39.2532259)"
371239305,371239305,Default,Undefined,Storm Water Inlet Drain,,,"(-6.8168348, 39.2523253)"
371240261,371240261,Default,Undefined,Storm Water Inlet Drain,,,"(-6.8170329, 39.2513392)"
371240262,371240262,Default,Undefined,Storm Water Inlet Drain,,,"(-6.8170122, 39.2514444)"
371240263,371240263,Default,Undefined,Storm Water Inlet Drain,,,"(-6.8175368, 39.2492044)"
371240264,371240264,Default,Undefined,Storm Water Inlet Drain,,,"(-6.8171926, 39.2505348)"
371240265,371240265,Default,Undefined,Storm Water Inlet Drain,,,"(-6.8173595, 39.2497812)"
371240266,371240266,Default,Undefined,Storm Water Inlet Drain,,,"(-6.8173477, 39.2498249)"
371240267,371240267,Default,Undefined,Storm Water Inlet Drain,,,"(-6.8172971, 39.2500355)"
371240268,371240268,Default,Undefined,Storm Water Inlet Drain,,,"(-6.8172839, 39.2500962)"
371240269,371240269,Default,Undefined,Storm Water Inlet Drain,,,"(-6.8175226, 39.2492476)"
371240270,371240270,Default,Undefined,Storm Water Inlet Drain,,,"(-6.8171841, 39.250578)"
371242386,371242386,Default,Undefined,Storm Water Inlet Drain,,,"(-6.8177087, 39.2489447)"
371242387,371242387,Default,Undefined,Storm Water Inlet Drain,,,"(-6.8182776, 39.2489387)"
371243163,371243163,Default,Undefined,Storm Water Inlet Drain,,,"(-6.8180138, 39.249923)"
371243164,371243164,Default,Undefined,Storm Water Inlet Drain,,,"(-6.818015, 39.2500466)"
371243166,371243166,Default,Undefined,Storm Water Inlet Drain,,,"(-6.8173838, 39.2499211)"
371244648,371244648,Default,Undefined,Storm Water Inlet Drain,,,"(-6.8192774, 39.2504743)"
371244650,371244650,Default,Undefined,Storm Water Inlet Drain,,,"(-6.8193054, 39.2504726)"
371244652,371244652,Default,Undefined,Storm Water Inlet Drain,,,"(-6.8193112, 39.2504722)"
371244655,371244655,Default,Undefined,Storm Water Inlet Drain,,,"(-6.8193213, 39.2503334)"
371244658,371244658,Default,Undefined,Storm Water Inlet Drain,,,"(-6.8215365, 39.250469)"
371244659,371244659,Default,Undefined,Storm Water Inlet Drain,,,"(-6.8192737, 39.2504784)"
371495585,371495585,Default,Undefined,Storm Water Inlet Drain,,,"(-6.8174743, 39.2521072)"
371495586,371495586,Default,Undefined,Storm Water Inlet Drain,,,"(-6.8176368, 39.2515089)"
371495587,371495587,Default,Undefined,Storm Water Inlet Drain,,,"(-6.8176567, 39.2514696)"
371495588,371495588,Default,Undefined,Storm Water Inlet Drain,,,"(-6.8176151, 39.2515991)"
371495764,371495764,Default,Undefined,Storm Water Inlet Drain,,,"(-6.8165216, 39.253332)"
371699037,371699037,Default,Undefined,Storm Water Inlet Drain,,,"(-6.808712, 39.253121)"
371699038,371699038,Default,Undefined,Storm Water Inlet Drain,,,"(-6.8093299, 39.2531935)"
371699605,371699605,Default,Undefined,Storm Water Inlet Drain,,,"(-6.8088989, 39.2567103)"
371700545,371700545,Default,Undefined,Storm Water Inlet Drain,,,"(-6.8115992, 39.2628999)"
371700555,371700555,Default,Undefined,Storm Water Inlet Drain,,,"(-6.811571, 39.2626081)"
371702115,371702115,Default,Undefined,Storm Water Inlet Drain,,,"(-6.8112027, 39.2617508)"
371702117,371702117,Default,Undefined,Storm Water Inlet Drain,,,"(-6.8103854, 39.2624696)"
371702119,371702119,Default,Undefined,Storm Water Inlet Drain,,,"(-6.8113156, 39.2618472)"
371704897,371704897,Default,Undefined,Storm Water Inlet Drain,,,"(-6.8173504, 39.2442653)"
371707819,371707819,Default,Undefined,Storm Water Inlet Drain,,,"(-6.8140337, 39.2622186)"
371707821,371707821,Default,Undefined,Storm Water Inlet Drain,,,"(-6.8128935, 39.2626784)"
371707822,371707822,Default,Undefined,Storm Water Inlet Drain,,,"(-6.8133425, 39.2624193)"
371707823,371707823,Default,Undefined,Storm Water Inlet Drain,,,"(-6.8133698, 39.2623999)"
371707824,371707824,Default,Undefined,Storm Water Inlet Drain,,,"(-6.8131398, 39.262537)"
371707825,371707825,Default,Undefined,Storm Water Inlet Drain,,,"(-6.8131191, 39.2625492)"
371707826,371707826,Default,Undefined,Storm Water Inlet Drain,,,"(-6.8128863, 39.2626829)"
371707827,371707827,Default,Undefined,Storm Water Inlet Drain,,,"(-6.8130161, 39.262608)"
371707828,371707828,Default,Undefined,Storm Water Inlet Drain,,,"(-6.813785, 39.2622001)"
371715579,371715579,Default,Undefined,Storm Water Inlet Drain,,,"(-6.8196856, 39.244328)"
371747878,371747878,Default,Undefined,Storm Water Inlet Drain,,,"(-6.8310041, 39.2700222)"
371747880,371747880,Default,Undefined,Storm Water Inlet Drain,,,"(-6.8294849, 39.2671036)"
371787983,371787983,Default,Undefined,Storm Water Inlet Drain,,,"(-6.8283965, 39.2655776)"
371788860,371788860,Default,Undefined,Storm Water Inlet Drain,,,"(-6.8318046, 39.2671081)"
371859920,371859920,Default,Undefined,Storm Water Inlet Drain,,,"(-6.8170964, 39.2482939)"
371859924,371859924,Default,Undefined,Storm Water Inlet Drain,,,"(-6.8174228, 39.2471169)"
371859931,371859931,Default,Undefined,Storm Water Inlet Drain,,,"(-6.8173443, 39.2450402)"
371861185,371861185,Default,Undefined,Storm Water Inlet Drain,,,"(-6.8177491, 39.2458534)"
371862873,371862873,Default,Undefined,Storm Water Inlet Drain,,,"(-6.8110398, 39.2581262)"
371862874,371862874,Default,Undefined,Storm Water Inlet Drain,,,"(-6.8101052, 39.2584427)"
371862877,371862877,Default,Undefined,Storm Water Inlet Drain,,,"(-6.814768, 39.2626104)"
371862881,371862881,Default,Undefined,Storm Water Inlet Drain,,,"(-6.8152884, 39.2626608)"
371862884,371862884,Default,Undefined,Storm Water Inlet Drain,,,"(-6.814767, 39.2615062)"
371863328,371863328,Default,Undefined,Storm Water Inlet Drain,,,"(-6.8139358, 39.2610442)"
371864472,371864472,Default,Undefined,Storm Water Inlet Drain,,,"(-6.8158012, 39.2613783)"
371864473,371864473,Default,Undefined,Storm Water Inlet Drain,,,"(-6.8155697, 39.2621044)"
371865002,371865002,Default,Undefined,Storm Water Inlet Drain,,,"(-6.810232, 39.2588418)"
371865003,371865003,Default,Undefined,Storm Water Inlet Drain,,,"(-6.8111562, 39.2585167)"
371865732,371865732,Default,Undefined,Storm Water Inlet Drain,,,"(-6.8115717, 39.2590533)"
371865733,371865733,Default,Undefined,Storm Water Inlet Drain,,,"(-6.8115717, 39.259132)"
371865734,371865734,Default,Undefined,Storm Water Inlet Drain,,,"(-6.8115807, 39.2588277)"
371865845,371865845,Default,Undefined,Storm Water Inlet Drain,,,"(-6.8148524, 39.2489875)"
371866082,371866082,Default,Undefined,Storm Water Inlet Drain,,,"(-6.8173537, 39.2489787)"
371866084,371866084,Default,Undefined,Storm Water Inlet Drain,,,"(-6.817468, 39.2490674)"
371866085,371866085,Default,Undefined,Storm Water Inlet Drain,,,"(-6.817539, 39.2488787)"
371866654,371866654,Default,Undefined,Storm Water Inlet Drain,,,"(-6.8103936, 39.259215)"
371866655,371866655,Default,Undefined,Storm Water Inlet Drain,,,"(-6.8113369, 39.2588874)"
371867602,371867602,Default,Undefined,Storm Water Inlet Drain,,,"(-6.816178, 39.2468434)"
371867603,371867603,Default,Undefined,Storm Water Inlet Drain,,,"(-6.8160881, 39.2471665)"
371867604,371867604,Default,Undefined,Storm Water Inlet Drain,,,"(-6.8159791, 39.2474183)"
371867605,371867605,Default,Undefined,Storm Water Inlet Drain,,,"(-6.8160124, 39.2473298)"
371867606,371867606,Default,Undefined,Storm Water Inlet Drain,,,"(-6.8157862, 39.2478806)"
371867840,371867840,Default,Undefined,Storm Water Inlet Drain,,,"(-6.8170345, 39.2467193)"
371870444,371870444,Default,Undefined,Storm Water Inlet Drain,,,"(-6.8181289, 39.2548615)"
371873728,371873728,Default,Undefined,Storm Water Inlet Drain,,,"(-6.8117103, 39.2592015)"
371873729,371873729,Default,Undefined,Storm Water Inlet Drain,,,"(-6.811839, 39.2594641)"
371873730,371873730,Default,Undefined,Storm Water Inlet Drain,,,"(-6.8111989, 39.2580012)"
371873731,371873731,Default,Undefined,Storm Water Inlet Drain,,,"(-6.8116753, 39.2594261)"
371873732,371873732,Default,Undefined,Storm Water Inlet Drain,,,"(-6.8115049, 39.2587631)"
371873733,371873733,Default,Undefined,Storm Water Inlet Drain,,,"(-6.8113407, 39.2583669)"
371873734,371873734,Default,Undefined,Storm Water Inlet Drain,,,"(-6.8116753, 39.2594812)"
371873735,371873735,Default,Undefined,Storm Water Inlet Drain,,,"(-6.8117854, 39.2598105)"
371873736,371873736,Default,Undefined,Storm Water Inlet Drain,,,"(-6.8114794, 39.2584555)"
371873737,371873737,Default,Undefined,Storm Water Inlet Drain,,,"(-6.81131, 39.25806)"
371874801,371874801,Default,Undefined,Storm Water Inlet Drain,,,"(-6.8183109, 39.2551293)"
371876239,371876239,Default,Undefined,Storm Water Inlet Drain,,,"(-6.8126504, 39.2546814)"
371876240,371876240,Default,Undefined,Storm Water Inlet Drain,,,"(-6.81013, 39.2558668)"
371876691,371876691,Default,Undefined,Storm Water Inlet Drain,,,"(-6.8181582, 39.2559822)"
371877077,371877077,Default,Undefined,Storm Water Inlet Drain,,,"(-6.8099893, 39.255529)"
371877078,371877078,Default,Undefined,Storm Water Inlet Drain,,,"(-6.8101279, 39.2556141)"
371877079,371877079,Default,Undefined,Storm Water Inlet Drain,,,"(-6.8093659, 39.2543643)"
371877080,371877080,Default,Undefined,Storm Water Inlet Drain,,,"(-6.8099404, 39.2544311)"
371878414,371878414,Default,Undefined,Storm Water Inlet Drain,,,"(-6.8144264, 39.2623763)"
371878415,371878415,Default,Undefined,Storm Water Inlet Drain,,,"(-6.814768, 39.2624413)"
371878416,371878416,Default,Undefined,Storm Water Inlet Drain,,,"(-6.8143483, 39.2622692)"
371934363,371934363,Default,Undefined,Storm Water Inlet Drain,,,"(-6.8296723, 39.2728754)"
371936345,371936345,Default,Undefined,Storm Water Inlet Drain,,,"(-6.826916, 39.2644898)"
371936346,371936346,Default,Undefined,Storm Water Inlet Drain,,,"(-6.8246346, 39.2628166)"
371936347,371936347,Default,Undefined,Storm Water Inlet Drain,,,"(-6.824129, 39.2616113)"
371936348,371936348,Default,Undefined,Storm Water Inlet Drain,,,"(-6.8238408, 39.2611928)"
371936349,371936349,Default,Undefined,Storm Water Inlet Drain,,,"(-6.8245829, 39.2624878)"
371936350,371936350,Default,Undefined,Storm Water Inlet Drain,,,"(-6.8241891, 39.2619333)"
371936351,371936351,Default,Undefined,Storm Water Inlet Drain,,,"(-6.8248672, 39.2629186)"
371936352,371936352,Default,Undefined,Storm Water Inlet Drain,,,"(-6.8253104, 39.263903)"
371936353,371936353,Default,Undefined,Storm Water Inlet Drain,,,"(-6.8243516, 39.2620576)"
371936355,371936355,Default,Undefined,Storm Water Inlet Drain,,,"(-6.8237498, 39.2608672)"
371936356,371936356,Default,Undefined,Storm Water Inlet Drain,,,"(-6.823874, 39.2613704)"
371936357,371936357,Default,Undefined,Storm Water Inlet Drain,,,"(-6.823581, 39.260744)"
371936358,371936358,Default,Undefined,Storm Water Inlet Drain,,,"(-6.8244153, 39.2623615)"
371936359,371936359,Default,Undefined,Storm Water Inlet Drain,,,"(-6.8249168, 39.2633534)"
371936360,371936360,Default,Undefined,Storm Water Inlet Drain,,,"(-6.8239663, 39.2614325)"
371936361,371936361,Default,Undefined,Storm Water Inlet Drain,,,"(-6.8254619, 39.264215)"
371936362,371936362,Default,Undefined,Storm Water Inlet Drain,,,"(-6.8251334, 39.2634507)"
371936363,371936363,Default,Undefined,Storm Water Inlet Drain,,,"(-6.823526, 39.2604857)"
371944234,371944234,Default,Undefined,Storm Water Inlet Drain,,,"(-6.8259695, 39.2659966)"
371944235,371944235,Default,Undefined,Storm Water Inlet Drain,,,"(-6.824012, 39.2727608)"
371944236,371944236,Default,Undefined,Storm Water Inlet Drain,,,"(-6.824012, 39.2726304)"
371944237,371944237,Default,Undefined,Storm Water Inlet Drain,,,"(-6.8266987, 39.2727061)"
371944238,371944238,Default,Undefined,Storm Water Inlet Drain,,,"(-6.8268415, 39.2728294)"
372018245,372018245,Default,Undefined,Storm Water Inlet Drain,,,"(-6.8171555, 39.2532427)"
372018256,372018256,Default,Undefined,Storm Water Inlet Drain,,,"(-6.8186733, 39.2544666)"
372018257,372018257,Default,Undefined,Storm Water Inlet Drain,,,"(-6.818858, 39.2543568)"
372018879,372018879,Default,Undefined,Storm Water Inlet Drain,,,"(-6.8109833, 39.2609456)"
372018880,372018880,Default,Undefined,Storm Water Inlet Drain,,,"(-6.8116278, 39.2603126)"
372018881,372018881,Default,Undefined,Storm Water Inlet Drain,,,"(-6.8120932, 39.2602598)"
372019864,372019864,Default,Undefined,Storm Water Inlet Drain,,,"(-6.8125642, 39.2550747)"
372019866,372019866,Default,Undefined,Storm Water Inlet Drain,,,"(-6.8119593, 39.2552805)"
372019867,372019867,Default,Undefined,Storm Water Inlet Drain,,,"(-6.8119453, 39.2552879)"
372019868,372019868,Default,Undefined,Storm Water Inlet Drain,,,"(-6.812925, 39.25494)"
372019869,372019869,Default,Undefined,Storm Water Inlet Drain,,,"(-6.8125423, 39.2550848)"
372019871,372019871,Default,Undefined,Storm Water Inlet Drain,,,"(-6.8194911, 39.2538846)"
372019876,372019876,Default,Undefined,Storm Water Inlet Drain,,,"(-6.8131438, 39.2593465)"
372019877,372019877,Default,Undefined,Storm Water Inlet Drain,,,"(-6.8138893, 39.2591035)"
372019878,372019878,Default,Undefined,Storm Water Inlet Drain,,,"(-6.8131952, 39.2594534)"
372020548,372020548,Default,Undefined,Storm Water Inlet Drain,,,"(-6.8119686, 39.2598105)"
372020809,372020809,Default,Undefined,Storm Water Inlet Drain,,,"(-6.8119125, 39.2597473)"
372020811,372020811,Default,Undefined,Storm Water Inlet Drain,,,"(-6.8130085, 39.2586325)"
372020812,372020812,Default,Undefined,Storm Water Inlet Drain,,,"(-6.811737, 39.2584923)"
372021416,372021416,Default,Undefined,Storm Water Inlet Drain,,,"(-6.8085905, 39.2549106)"
372021417,372021417,Default,Undefined,Storm Water Inlet Drain,,,"(-6.8086805, 39.2548783)"
372022656,372022656,Default,Undefined,Storm Water Inlet Drain,,,"(-6.8165938, 39.2498165)"
372022675,372022675,Default,Undefined,Storm Water Inlet Drain,,,"(-6.8162586, 39.2547272)"
372022676,372022676,Default,Undefined,Storm Water Inlet Drain,,,"(-6.8162412, 39.2556537)"
372023238,372023238,Default,Undefined,Storm Water Inlet Drain,,,"(-6.8097421, 39.2611592)"
372023241,372023241,Default,Undefined,Storm Water Inlet Drain,,,"(-6.8095944, 39.2607253)"
372023856,372023856,Default,Undefined,Storm Water Inlet Drain,,,"(-6.8158486, 39.2500243)"
372023863,372023863,Default,Undefined,Storm Water Inlet Drain,,,"(-6.8157159, 39.2499883)"
372024113,372024113,Default,Undefined,Storm Water Inlet Drain,,,"(-6.8130601, 39.2590449)"
372024469,372024469,Default,Undefined,Storm Water Inlet Drain,,,"(-6.811839, 39.2597868)"
372066511,372066511,Default,Undefined,Storm Water Inlet Drain,,,"(-6.8193114, 39.2503749)"
372067400,372067400,Default,Undefined,Storm Water Inlet Drain,,,"(-6.8192411, 39.2503558)"
372070002,372070002,Default,Undefined,Storm Water Inlet Drain,,,"(-6.8180464, 39.2439611)"
372070006,372070006,Default,Undefined,Storm Water Inlet Drain,,,"(-6.8180665, 39.2439199)"
372070009,372070009,Default,Undefined,Storm Water Inlet Drain,,,"(-6.8176754, 39.2454096)"
372070012,372070012,Default,Undefined,Storm Water Inlet Drain,,,"(-6.8217342, 39.2397585)"
372306747,372306747,Default,Undefined,Storm Water Inlet Drain,,,"(-6.8166464, 39.2573441)"
372309240,372309240,Default,Undefined,Storm Water Inlet Drain,,,"(-6.8132727, 39.2597395)"
372309242,372309242,Default,Undefined,Storm Water Inlet Drain,,,"(-6.8132799, 39.2597395)"
372309248,372309248,Default,Undefined,Storm Water Inlet Drain,,,"(-6.8154421, 39.259582)"
372309449,372309449,Default,Undefined,Storm Water Inlet Drain,,,"(-6.8194127, 39.2539124)"
372309450,372309450,Default,Undefined,Storm Water Inlet Drain,,,"(-6.8195556, 39.2532552)"
372309935,372309935,Default,Undefined,Storm Water Inlet Drain,,,"(-6.8121272, 39.2547305)"
372312519,372312519,Default,Undefined,Storm Water Inlet Drain,,,"(-6.8176118, 39.2514444)"
372313192,372313192,Default,Undefined,Storm Water Inlet Drain,,,"(-6.8136687, 39.259812)"
372316078,372316078,Default,Undefined,Storm Water Inlet Drain,,,"(-6.8140243, 39.2604594)"
372316079,372316079,Default,Undefined,Storm Water Inlet Drain,,,"(-6.8139002, 39.2604744)"
372316080,372316080,Default,Undefined,Storm Water Inlet Drain,,,"(-6.8146505, 39.2600979)"
372316081,372316081,Default,Undefined,Storm Water Inlet Drain,,,"(-6.8145657, 39.2601612)"
372316082,372316082,Default,Undefined,Storm Water Inlet Drain,,,"(-6.8154682, 39.2597144)"
372316576,372316576,Default,Undefined,Storm Water Inlet Drain,,,"(-6.814737, 39.2608752)"
372316577,372316577,Default,Undefined,Storm Water Inlet Drain,,,"(-6.8147643, 39.2607443)"
372559005,372559005,Default,Undefined,Storm Water Inlet Drain,,,"(-6.8127307, 39.2732262)"
372559006,372559006,Default,Undefined,Storm Water Inlet Drain,,,"(-6.8127296, 39.2733342)"
372591765,372591765,Default,Undefined,Storm Water Inlet Drain,,,"(-6.8138601, 39.2704356)"
372591766,372591766,Default,Undefined,Storm Water Inlet Drain,,,"(-6.8127371, 39.2705135)"
372593293,372593293,Default,Undefined,Storm Water Inlet Drain,,,"(-6.8076091, 39.2575333)"
372676213,372676213,Default,Undefined,Storm Water Inlet Drain,,,"(-6.8194528, 39.2493056)"
372676214,372676214,Default,Undefined,Storm Water Inlet Drain,,,"(-6.8183493, 39.2489823)"
372676215,372676215,Default,Undefined,Storm Water Inlet Drain,,,"(-6.8188908, 39.2491356)"
372676393,372676393,Default,Undefined,Storm Water Inlet Drain,,,"(-6.8186692, 39.2501698)"
372678816,372678816,Default,Undefined,Storm Water Inlet Drain,,,"(-6.8090947, 39.2540745)"
372678817,372678817,Default,Undefined,Storm Water Inlet Drain,,,"(-6.8082922, 39.2526405)"
372678818,372678818,Default,Undefined,Storm Water Inlet Drain,,,"(-6.8090056, 39.2539142)"
372678819,372678819,Default,Undefined,Storm Water Inlet Drain,,,"(-6.8087142, 39.253355)"
372678820,372678820,Default,Undefined,Storm Water Inlet Drain,,,"(-6.8089924, 39.2538847)"
372678821,372678821,Default,Undefined,Storm Water Inlet Drain,,,"(-6.8092384, 39.2541122)"
372678822,372678822,Default,Undefined,Storm Water Inlet Drain,,,"(-6.8084415, 39.2526696)"
372678823,372678823,Default,Undefined,Storm Water Inlet Drain,,,"(-6.808971, 39.2533844)"
372791503,372791503,Default,Undefined,Storm Water Inlet Drain,,,"(-6.808647, 39.2585706)"
372791504,372791504,Default,Undefined,Storm Water Inlet Drain,,,"(-6.8088683, 39.2586593)"
372797634,372797634,Default,Undefined,Storm Water Inlet Drain,,,"(-6.8118741, 39.2593367)"
372797635,372797635,Default,Undefined,Storm Water Inlet Drain,,,"(-6.8130823, 39.2593762)"
372797636,372797636,Default,Undefined,Storm Water Inlet Drain,,,"(-6.8118491, 39.2593103)"
372798588,372798588,Default,Undefined,Storm Water Inlet Drain,,,"(-6.8104845, 39.2594497)"
372802792,372802792,Default,Undefined,Storm Water Inlet Drain,,,"(-6.8103578, 39.2595449)"
372836393,372836393,Default,Undefined,Storm Water Inlet Drain,,,"(-6.8153249, 39.2718775)"
372836395,372836395,Default,Undefined,Storm Water Inlet Drain,,,"(-6.8150703, 39.2729771)"
372836397,372836397,Default,Undefined,Storm Water Inlet Drain,,,"(-6.8153596, 39.2720116)"
372836400,372836400,Default,Undefined,Storm Water Inlet Drain,,,"(-6.8150788, 39.2729988)"
372836402,372836402,Default,Undefined,Storm Water Inlet Drain,,,"(-6.8153697, 39.2720008)"
372836405,372836405,Default,Undefined,Storm Water Inlet Drain,,,"(-6.8153405, 39.2720926)"
372836407,372836407,Default,Undefined,Storm Water Inlet Drain,,,"(-6.8152221, 39.2724978)"
372836409,372836409,Default,Undefined,Storm Water Inlet Drain,,,"(-6.815437, 39.273049)"
372860120,372860120,Default,Undefined,Storm Water Inlet Drain,,,"(-6.8169991, 39.2712417)"
380543954,380543954,Default,Undefined,Storm Water Inlet Drain,,,"(-6.8272258, 39.261653)"
380544313,380544313,Default,Undefined,Storm Water Inlet Drain,,,"(-6.8288541, 39.2552017)"
380544314,380544314,Default,Undefined,Storm Water Inlet Drain,,,"(-6.8288437, 39.2552721)"
380544315,380544315,Default,Undefined,Storm Water Inlet Drain,,,"(-6.829025, 39.2545153)"
380544317,380544317,Default,Undefined,Storm Water Inlet Drain,,,"(-6.8287198, 39.2558021)"
380719206,380719206,Default,Undefined,Storm Water Inlet Drain,,,"(-6.8275381, 39.2676718)"
380728535,380728535,Default,Undefined,Storm Water Inlet Drain,,,"(-6.8286057, 39.2619754)"
381243030,381243030,Default,Undefined,Storm Water Inlet Drain,,,"(-6.8285231, 39.2559392)"
381348687,381348687,Default,Undefined,Storm Water Inlet Drain,,,"(-6.8289285, 39.2544059)"
381348691,381348691,Default,Undefined,Storm Water Inlet Drain,,,"(-6.829014, 39.2541076)"
381350453,381350453,Default,Undefined,Storm Water Inlet Drain,,,"(-6.8291223, 39.2536487)"
381350456,381350456,Default,Undefined,Storm Water Inlet Drain,,,"(-6.8290283, 39.2540629)"
381350460,381350460,Default,Undefined,Storm Water Inlet Drain,,,"(-6.8291366, 39.2535913)"
381350463,381350463,Default,Undefined,Storm Water Inlet Drain,,,"(-6.8292112, 39.2532929)"
381433785,381433785,Default,Undefined,Storm Water Inlet Drain,,,"(-6.8272875, 39.2535453)"
381433786,381433786,Default,Undefined,Storm Water Inlet Drain,,,"(-6.8263464, 39.2533604)"
381433787,381433787,Default,Undefined,Storm Water Inlet Drain,,,"(-6.8258044, 39.2531978)"
381433788,381433788,Default,Undefined,Storm Water Inlet Drain,,,"(-6.8258044, 39.2532497)"
381433789,381433789,Default,Undefined,Storm Water Inlet Drain,,,"(-6.8262486, 39.2532486)"
381433790,381433790,Default,Undefined,Storm Water Inlet Drain,,,"(-6.8272141, 39.2533641)"
381434603,381434603,Default,Undefined,Storm Water Inlet Drain,,,"(-6.8272855, 39.2556341)"
381434604,381434604,Default,Undefined,Storm Water Inlet Drain,,,"(-6.8274143, 39.2558781)"
381436114,381436114,Default,Undefined,Storm Water Inlet Drain,,,"(-6.8267692, 39.2586471)"
381436117,381436117,Default,Undefined,Storm Water Inlet Drain,,,"(-6.8267531, 39.2585703)"
381436169,381436169,Default,Undefined,Storm Water Inlet Drain,,,"(-6.8274457, 39.2556454)"
381436170,381436170,Default,Undefined,Storm Water Inlet Drain,,,"(-6.8284986, 39.2557699)"
381439113,381439113,Default,Undefined,Storm Water Inlet Drain,,,"(-6.8268694, 39.2558935)"
381439653,381439653,Default,Undefined,Storm Water Inlet Drain,,,"(-6.8273936, 39.25587)"
382194795,382194795,Default,Undefined,Storm Water Inlet Drain,,,"(-6.8246734, 39.2623047)"
382194796,382194796,Default,Undefined,Storm Water Inlet Drain,,,"(-6.8246388, 39.262235)"
382194797,382194797,Default,Undefined,Storm Water Inlet Drain,,,"(-6.8248953, 39.2627534)"
382194798,382194798,Default,Undefined,Storm Water Inlet Drain,,,"(-6.8248379, 39.2623602)"
382194799,382194799,Default,Undefined,Storm Water Inlet Drain,,,"(-6.8246356, 39.2622349)"
382194800,382194800,Default,Undefined,Storm Water Inlet Drain,,,"(-6.8245698, 39.2610797)"
382194801,382194801,Default,Undefined,Storm Water Inlet Drain,,,"(-6.8267367, 39.2611452)"
382194802,382194802,Default,Undefined,Storm Water Inlet Drain,,,"(-6.8267732, 39.2612312)"
382205579,382205579,Default,Undefined,Storm Water Inlet Drain,,,"(-6.825639, 39.2640871)"
382205580,382205580,Default,Undefined,Storm Water Inlet Drain,,,"(-6.8264437, 39.2612869)"
382205581,382205581,Default,Undefined,Storm Water Inlet Drain,,,"(-6.826349, 39.261336)"
382205582,382205582,Default,Undefined,Storm Water Inlet Drain,,,"(-6.8272553, 39.2610796)"
382205584,382205584,Default,Undefined,Storm Water Inlet Drain,,,"(-6.8270847, 39.261653)"
382205585,382205585,Default,Undefined,Storm Water Inlet Drain,,,"(-6.8255204, 39.2634324)"
382205586,382205586,Default,Undefined,Storm Water Inlet Drain,,,"(-6.8258454, 39.2643161)"
382205588,382205588,Default,Undefined,Storm Water Inlet Drain,,,"(-6.8239727, 39.2609531)"
382205589,382205589,Default,Undefined,Storm Water Inlet Drain,,,"(-6.8271948, 39.2612704)"
382205590,382205590,Default,Undefined,Storm Water Inlet Drain,,,"(-6.8251817, 39.2628654)"
382205591,382205591,Default,Undefined,Storm Water Inlet Drain,,,"(-6.8239122, 39.2603388)"
382205592,382205592,Default,Undefined,Storm Water Inlet Drain,,,"(-6.8268414, 39.2625743)"
382205594,382205594,Default,Undefined,Storm Water Inlet Drain,,,"(-6.8260434, 39.2614863)"
382205595,382205595,Default,Undefined,Storm Water Inlet Drain,,,"(-6.8259019, 39.2615587)"
382205596,382205596,Default,Undefined,Storm Water Inlet Drain,,,"(-6.8267684, 39.2628858)"
382205597,382205597,Default,Undefined,Storm Water Inlet Drain,,,"(-6.8263222, 39.2645245)"
382207220,382207220,Default,Undefined,Storm Water Inlet Drain,,,"(-6.8282736, 39.2596454)"
382207221,382207221,Default,Undefined,Storm Water Inlet Drain,,,"(-6.8292635, 39.259906)"
382207222,382207222,Default,Undefined,Storm Water Inlet Drain,,,"(-6.8281753, 39.259554)"
382207223,382207223,Default,Undefined,Storm Water Inlet Drain,,,"(-6.8291967, 39.2596709)"
382400806,382400806,Default,Undefined,Storm Water Inlet Drain,,,"(-6.8284986, 39.2560075)"
382400807,382400807,Default,Undefined,Storm Water Inlet Drain,,,"(-6.8279117, 39.2584402)"
382401073,382401073,Default,Undefined,Storm Water Inlet Drain,,,"(-6.829025, 39.2545153)"
382401074,382401074,Default,Undefined,Storm Water Inlet Drain,,,"(-6.8279294, 39.253986)"
382401075,382401075,Default,Undefined,Storm Water Inlet Drain,,,"(-6.8256945, 39.2534874)"
382401076,382401076,Default,Undefined,Storm Water Inlet Drain,,,"(-6.8257699, 39.2527247)"
382401077,382401077,Default,Undefined,Storm Water Inlet Drain,,,"(-6.828762, 39.2540472)"
382401078,382401078,Default,Undefined,Storm Water Inlet Drain,,,"(-6.8287309, 39.255216)"
382401079,382401079,Default,Undefined,Storm Water Inlet Drain,,,"(-6.827777, 39.2536932)"
382401080,382401080,Default,Undefined,Storm Water Inlet Drain,,,"(-6.8256885, 39.253565)"
382401081,382401081,Default,Undefined,Storm Water Inlet Drain,,,"(-6.8289123, 39.2544942)"
382401084,382401084,Default,Undefined,Storm Water Inlet Drain,,,"(-6.8260406, 39.2549863)"
382401090,382401090,Default,Undefined,Storm Water Inlet Drain,,,"(-6.8279294, 39.2540472)"
382401093,382401093,Default,Undefined,Storm Water Inlet Drain,,,"(-6.8250799, 39.2549543)"
382401180,382401180,Default,Undefined,Storm Water Inlet Drain,,,"(-6.8280615, 39.2578283)"
382401181,382401181,Default,Undefined,Storm Water Inlet Drain,,,"(-6.8273776, 39.2585371)"
382401182,382401182,Default,Undefined,Storm Water Inlet Drain,,,"(-6.8280378, 39.2579292)"
382401183,382401183,Default,Undefined,Storm Water Inlet Drain,,,"(-6.8279117, 39.2585385)"
382401184,382401184,Default,Undefined,Storm Water Inlet Drain,,,"(-6.8278931, 39.2584244)"
382401314,382401314,Default,Undefined,Storm Water Inlet Drain,,,"(-6.8272298, 39.2585977)"
382401697,382401697,Default,Undefined,Storm Water Inlet Drain,,,"(-6.8289123, 39.2540472)"
382401698,382401698,Default,Undefined,Storm Water Inlet Drain,,,"(-6.8274356, 39.255774)"
382402053,382402053,Default,Undefined,Storm Water Inlet Drain,,,"(-6.8271948, 39.2611513)"
382403345,382403345,Default,Undefined,Storm Water Inlet Drain,,,"(-6.8297585, 39.2520889)"
382403346,382403346,Default,Undefined,Storm Water Inlet Drain,,,"(-6.8288184, 39.255443)"
382403347,382403347,Default,Undefined,Storm Water Inlet Drain,,,"(-6.829198, 39.2567731)"
382403351,382403351,Default,Undefined,Storm Water Inlet Drain,,,"(-6.8291217, 39.2566512)"
382403352,382403352,Default,Undefined,Storm Water Inlet Drain,,,"(-6.8287549, 39.2556743)"
382403355,382403355,Default,Undefined,Storm Water Inlet Drain,,,"(-6.8297904, 39.2567731)"
382406327,382406327,Default,Undefined,Storm Water Inlet Drain,,,"(-6.8274815, 39.2627151)"
382406328,382406328,Default,Undefined,Storm Water Inlet Drain,,,"(-6.8279507, 39.2628406)"
382406329,382406329,Default,Undefined,Storm Water Inlet Drain,,,"(-6.8284104, 39.2629543)"
382406330,382406330,Default,Undefined,Storm Water Inlet Drain,,,"(-6.8278546, 39.2627412)"
382406331,382406331,Default,Undefined,Storm Water Inlet Drain,,,"(-6.8283144, 39.2628665)"
382406332,382406332,Default,Undefined,Storm Water Inlet Drain,,,"(-6.8269584, 39.2625743)"
382406333,382406333,Default,Undefined,Storm Water Inlet Drain,,,"(-6.8292739, 39.2629681)"
382406334,382406334,Default,Undefined,Storm Water Inlet Drain,,,"(-6.8273832, 39.2626023)"
382408102,382408102,Default,Undefined,Storm Water Inlet Drain,,,"(-6.8289813, 39.2568453)"
382408106,382408106,Default,Undefined,Storm Water Inlet Drain,,,"(-6.8293865, 39.2568631)"
382408108,382408108,Default,Undefined,Storm Water Inlet Drain,,,"(-6.8289059, 39.2567629)"
382408861,382408861,Default,Undefined,Storm Water Inlet Drain,,,"(-6.8291475, 39.2620093)"
382408869,382408869,Default,Undefined,Storm Water Inlet Drain,,,"(-6.8291157, 39.2621273)"
382408870,382408870,Default,Undefined,Storm Water Inlet Drain,,,"(-6.8293644, 39.2611543)"
382410302,382410302,Default,Undefined,Storm Water Inlet Drain,,,"(-6.8278001, 39.2595066)"
382453695,382453695,Default,Undefined,Storm Water Inlet Drain,,,"(-6.8250068, 39.2526724)"
382983324,382983324,Default,Undefined,Storm Water Inlet Drain,,,"(-6.8118586, 39.2738248)"
382983325,382983325,Default,Undefined,Storm Water Inlet Drain,,,"(-6.813083, 39.2742014)"
382983326,382983326,Default,Undefined,Storm Water Inlet Drain,,,"(-6.8119644, 39.2737862)"
382983327,382983327,Default,Undefined,Storm Water Inlet Drain,,,"(-6.8130749, 39.2733728)"
382988387,382988387,Default,Undefined,Storm Water Inlet Drain,,,"(-6.8132958, 39.2742323)"
386296597,386296597,Default,Undefined,Storm Water Inlet Drain,,,"(-6.8195679, 39.2536965)"
386296600,386296600,Default,Undefined,Storm Water Inlet Drain,,,"(-6.8197598, 39.2537039)"
389527524,389527524,Default,Undefined,Storm Water Inlet Drain,,,"(-6.8110231, 39.2576292)"
389528679,389528679,Default,Undefined,Storm Water Inlet Drain,,,"(-6.8104725, 39.2564085)"
389529354,389529354,Default,Undefined,Storm Water Inlet Drain,,,"(-6.8106853, 39.2568085)"
389529356,389529356,Default,Undefined,Storm Water Inlet Drain,,,"(-6.8107933, 39.2570199)"
389529358,389529358,Default,Undefined,Storm Water Inlet Drain,,,"(-6.810892, 39.2572553)"
389529361,389529361,Default,Undefined,Storm Water Inlet Drain,,,"(-6.810737, 39.2569014)"
389529363,389529363,Default,Undefined,Storm Water Inlet Drain,,,"(-6.8108404, 39.2570854)"
389529365,389529365,Default,Undefined,Storm Water Inlet Drain,,,"(-6.8107642, 39.2569735)"
389529367,389529367,Default,Undefined,Storm Water Inlet Drain,,,"(-6.8106486, 39.2567934)"
389529370,389529370,Default,Undefined,Storm Water Inlet Drain,,,"(-6.8105883, 39.2565412)"
389529372,389529372,Default,Undefined,Storm Water Inlet Drain,,,"(-6.8107971, 39.2570768)"
389529374,389529374,Default,Undefined,Storm Water Inlet Drain,,,"(-6.8114541, 39.2584483)"
389529376,389529376,Default,Undefined,Storm Water Inlet Drain,,,"(-6.8108869, 39.2572219)"
389529378,389529378,Default,Undefined,Storm Water Inlet Drain,,,"(-6.8106985, 39.2568758)"
389529381,389529381,Default,Undefined,Storm Water Inlet Drain,,,"(-6.8106382, 39.2567516)"
389529383,389529383,Default,Undefined,Storm Water Inlet Drain,,,"(-6.8105074, 39.2564805)"
389529385,389529385,Default,Undefined,Storm Water Inlet Drain,,,"(-6.8108733, 39.2571669)"
389529387,389529387,Default,Undefined,Storm Water Inlet Drain,,,"(-6.8106175, 39.2566919)"
389529390,389529390,Default,Undefined,Storm Water Inlet Drain,,,"(-6.8112704, 39.2579385)"
389529392,389529392,Default,Undefined,Storm Water Inlet Drain,,,"(-6.8114338, 39.2579857)"
389529394,389529394,Default,Undefined,Storm Water Inlet Drain,,,"(-6.8112501, 39.25727)"
389538911,389538911,Default,Undefined,Storm Water Inlet Drain,,,"(-6.8188927, 39.2549093)"
392406417,392406417,Default,Undefined,Storm Water Inlet Drain,,,"(-6.8074576, 39.2318063)"
392406735,392406735,Default,Undefined,Storm Water Inlet Drain,,,"(-6.8027266, 39.2657756)"
392406736,392406736,Default,Undefined,Storm Water Inlet Drain,,,"(-6.8027185, 39.265783)"
393912201,393912201,Default,Undefined,Storm Water Inlet Drain,,,"(-6.8170421, 39.2471487)"
393912701,393912701,Default,Undefined,Storm Water Inlet Drain,,,"(-6.8148561, 39.2513154)"
405010809,405010809,Default,Undefined,Storm Water Inlet Drain,,,"(-6.8207776, 39.2668885)"
405010810,405010810,Default,Undefined,Storm Water Inlet Drain,,,"(-6.8160573, 39.2695436)"
405011254,405011254,Default,Undefined,Storm Water Inlet Drain,,,"(-6.8241329, 39.2707174)"
405116541,405116541,Default,Undefined,Storm Water Inlet Drain,,,"(-6.8102882, 39.2560928)"
405116544,405116544,Default,Undefined,Storm Water Inlet Drain,,,"(-6.8112598, 39.2556137)"
405116545,405116545,Default,Undefined,Storm Water Inlet Drain,,,"(-6.811518, 39.2555064)"
405116546,405116546,Default,Undefined,Storm Water Inlet Drain,,,"(-6.8111788, 39.2556443)"
405143356,405143356,Default,Undefined,Storm Water Inlet Drain,,,"(-6.8069615, 39.2551453)"
405143357,405143357,Default,Undefined,Storm Water Inlet Drain,,,"(-6.8069154, 39.2550959)"
405143753,405143753,Default,Undefined,Storm Water Inlet Drain,,,"(-6.8070687, 39.2555497)"
405145788,405145788,Default,Undefined,Storm Water Inlet Drain,,,"(-6.8100422, 39.2559172)"
405146890,405146890,Default,Undefined,Storm Water Inlet Drain,,,"(-6.8114627, 39.2552639)"
405147815,405147815,Default,Undefined,Storm Water Inlet Drain,,,"(-6.8094357, 39.256145)"
405148046,405148046,Default,Undefined,Storm Water Inlet Drain,,,"(-6.8101279, 39.257924)"
405153961,405153961,Default,Undefined,Storm Water Inlet Drain,,,"(-6.8090251, 39.2608037)"
405153962,405153962,Default,Undefined,Storm Water Inlet Drain,,,"(-6.8096482, 39.2609663)"
405153963,405153963,Default,Undefined,Storm Water Inlet Drain,,,"(-6.8097888, 39.2613529)"
405153964,405153964,Default,Undefined,Storm Water Inlet Drain,,,"(-6.809442, 39.2606486)"
405153965,405153965,Default,Undefined,Storm Water Inlet Drain,,,"(-6.8108173, 39.2606002)"
405153966,405153966,Default,Undefined,Storm Water Inlet Drain,,,"(-6.8089295, 39.2608229)"
405153967,405153967,Default,Undefined,Storm Water Inlet Drain,,,"(-6.8093889, 39.2606486)"
405159721,405159721,Default,Undefined,Storm Water Inlet Drain,,,"(-6.8098869, 39.2617539)"
405159722,405159722,Default,Undefined,Storm Water Inlet Drain,,,"(-6.813208, 39.2597686)"
405159723,405159723,Default,Undefined,Storm Water Inlet Drain,,,"(-6.8138254, 39.2621512)"
405159724,405159724,Default,Undefined,Storm Water Inlet Drain,,,"(-6.8116482, 39.259132)"
405159725,405159725,Default,Undefined,Storm Water Inlet Drain,,,"(-6.8120469, 39.2601443)"
405159727,405159727,Default,Undefined,Storm Water Inlet Drain,,,"(-6.8120039, 39.2601484)"
405159728,405159728,Default,Undefined,Storm Water Inlet Drain,,,"(-6.8101718, 39.2625197)"
405159729,405159729,Default,Undefined,Storm Water Inlet Drain,,,"(-6.8117405, 39.259073)"
405159730,405159730,Default,Undefined,Storm Water Inlet Drain,,,"(-6.8117673, 39.2591468)"
405159731,405159731,Default,Undefined,Storm Water Inlet Drain,,,"(-6.8120469, 39.2598644)"
405159732,405159732,Default,Undefined,Storm Water Inlet Drain,,,"(-6.814072, 39.2631565)"
405159733,405159733,Default,Undefined,Storm Water Inlet Drain,,,"(-6.8138672, 39.2595542)"
405159734,405159734,Default,Undefined,Storm Water Inlet Drain,,,"(-6.8133091, 39.2598447)"
405159735,405159735,Default,Undefined,Storm Water Inlet Drain,,,"(-6.8119681, 39.2593867)"
405159736,405159736,Default,Undefined,Storm Water Inlet Drain,,,"(-6.8106207, 39.2638583)"
405159737,405159737,Default,Undefined,Storm Water Inlet Drain,,,"(-6.8100671, 39.2616005)"
405355909,405355909,Default,Undefined,Storm Water Inlet Drain,,,"(-6.8024987, 39.2571223)"
405356405,405356405,Default,Undefined,Storm Water Inlet Drain,,,"(-6.803276, 39.2580211)"
405360355,405360355,Default,Undefined,Storm Water Inlet Drain,,,"(-6.8039382, 39.2585533)"
405360359,405360359,Default,Undefined,Storm Water Inlet Drain,,,"(-6.8039879, 39.2585843)"
405360363,405360363,Default,Undefined,Storm Water Inlet Drain,,,"(-6.8041118, 39.2584157)"
405447898,405447898,Default,Undefined,Storm Water Inlet Drain,,,"(-6.8052307, 39.2586391)"
405447899,405447899,Default,Undefined,Storm Water Inlet Drain,,,"(-6.8072067, 39.2579495)"
405448287,405448287,Default,Undefined,Storm Water Inlet Drain,,,"(-6.8041859, 39.2605485)"
405448290,405448290,Default,Undefined,Storm Water Inlet Drain,,,"(-6.8051103, 39.2586391)"
405449115,405449115,Default,Undefined,Storm Water Inlet Drain,,,"(-6.8073478, 39.260442)"
405449693,405449693,Default,Undefined,Storm Water Inlet Drain,,,"(-6.8073003, 39.260216)"
405449694,405449694,Default,Undefined,Storm Water Inlet Drain,,,"(-6.8074675, 39.2603023)"
405449879,405449879,Default,Undefined,Storm Water Inlet Drain,,,"(-6.8072037, 39.260063)"
405449882,405449882,Default,Undefined,Storm Water Inlet Drain,,,"(-6.8072619, 39.2600788)"
405450793,405450793,Default,Undefined,Storm Water Inlet Drain,,,"(-6.8077532, 39.2603687)"
405450908,405450908,Default,Undefined,Storm Water Inlet Drain,,,"(-6.8078379, 39.2604158)"
405450909,405450909,Default,Undefined,Storm Water Inlet Drain,,,"(-6.8080895, 39.2603259)"
405451226,405451226,Default,Undefined,Storm Water Inlet Drain,,,"(-6.807129, 39.2598411)"
405451227,405451227,Default,Undefined,Storm Water Inlet Drain,,,"(-6.8071056, 39.2597138)"
405452608,405452608,Default,Undefined,Storm Water Inlet Drain,,,"(-6.806161, 39.2609275)"
405453139,405453139,Default,Undefined,Storm Water Inlet Drain,,,"(-6.8054457, 39.2614518)"
405453140,405453140,Default,Undefined,Storm Water Inlet Drain,,,"(-6.8061375, 39.2609404)"
405454095,405454095,Default,Undefined,Storm Water Inlet Drain,,,"(-6.8083073, 39.2611781)"
405455676,405455676,Default,Undefined,Storm Water Inlet Drain,,,"(-6.8093441, 39.2637047)"
405455995,405455995,Default,Undefined,Storm Water Inlet Drain,,,"(-6.8052307, 39.2589084)"
405456111,405456111,Default,Undefined,Storm Water Inlet Drain,,,"(-6.8072619, 39.260216)"
